"Chromosome"	"Position"	"rsIDs"	"Reference"	"Alternate"	"Source"	"Filters_exomes"	"Filters_genomes"	"Transcript"	"HGVS_Consequence"	"Protein_Consequence"	"Transcript_Consequence"	"VEP_Annotation"	"ClinVar_Clinical_Significance"	"ClinVar_Variation_ID"	"Flags"	"Allele_Count"	"Allele_Number"	"Allele_Frequency"	"Homozygote_Count"	"Hemizygote_Count"	"Allele_Count_African_or_African_American"	"Allele_Number_African_or_African_American"	"Homozygote_Count_African_or_African_American"	"Hemizygote_Count_African_or_African_American"	"Allele_Count_Latino_or_Admixed_American"	"Allele_Number_Latino_or_Admixed_American"	"Homozygote_Count_Latino_or_Admixed_American"	"Hemizygote_Count_Latino_or_Admixed_American"	"Allele_Count_Ashkenazi_Jewish"	"Allele_Number_Ashkenazi_Jewish"	"Homozygote_Count_Ashkenazi_Jewish"	"Hemizygote_Count_Ashkenazi_Jewish"	"Allele_Count_East_Asian"	"Allele_Number_East_Asian"	"Homozygote_Count_East_Asian"	"Hemizygote_Count_East_Asian"	"Allele_Count_European_Finnish"	"Allele_Number_European_Finnish"	"Homozygote_Count_European_Finnish"	"Hemizygote_Count_European_Finnish"	"Allele_Count_European_non_Finnish"	"Allele_Number_European_non_Finnish"	"Homozygote_Count_European_non_Finnish"	"Hemizygote_Count_European_non_Finnish"	"Allele_Count_Other"	"Allele_Number_Other"	"Homozygote_Count_Other"	"Hemizygote_Count_Other"	"Allele_Count_South_Asian"	"Allele_Number_South_Asian"	"Homozygote_Count_South_Asian"	"Hemizygote_Count_South_Asian"	"Variant_ID"	"Canonical_txs"	"Location_in_txs"
5	35954309	"rs143453709"	"T"	"A"	"gnomAD Exomes,gnomAD Genomes"	"PASS"	"PASS"	"ENST00000274278.3"	"p.Thr523Ser"	"p.Thr523Ser"	"c.1567A>T"	"missense_variant"	""	NA	""	138	282054	0.000489268012508243	0	0	1	24952	0	0	1	35426	0	0	0	10322	0	0	134	19950	0	0	0	25042	0	0	0	128644	0	0	2	7210	0	0	0	30508	0	0	"5-35954309-T-A"	TRUE	"Exon 7"
5	35954311	"rs1223372676"	"T"	"G"	"gnomAD Exomes"	"PASS"	NA	"ENST00000274278.3"	"p.Lys522Thr"	"p.Lys522Thr"	"c.1565A>C"	"missense_variant"	""	NA	""	1	250730	3.9883540063016e-06	0	0	0	16254	0	0	0	34578	0	0	0	10030	0	0	0	18394	0	0	0	21572	0	0	1	113264	0	0	0	6122	0	0	0	30516	0	0	"5-35954311-T-G"	TRUE	"Exon 7"
5	35954314	"rs781368802"	"T"	"A"	"gnomAD Exomes"	"PASS"	NA	"ENST00000274278.3"	"p.Lys521Met"	"p.Lys521Met"	"c.1562A>T"	"missense_variant"	""	NA	""	1	250784	3.98749521500574e-06	0	0	0	16254	0	0	0	34580	0	0	0	10030	0	0	0	18394	0	0	0	21572	0	0	1	113282	0	0	0	6124	0	0	0	30548	0	0	"5-35954314-T-A"	TRUE	"Exon 7"
5	35954317	"rs1326047579"	"A"	"G"	"gnomAD Exomes"	"PASS"	NA	"ENST00000274278.3"	"p.Val520Ala"	"p.Val520Ala"	"c.1559T>C"	"missense_variant"	""	NA	""	1	250836	3.98666858026759e-06	0	0	0	16254	0	0	0	34584	0	0	0	10044	0	0	0	18394	0	0	0	21578	0	0	0	113304	0	0	0	6124	0	0	1	30554	0	0	"5-35954317-A-G"	TRUE	"Exon 7"
5	35954318	"rs999307842"	"C"	"G"	"gnomAD Exomes"	"PASS"	NA	"ENST00000274278.3"	"p.Val520Leu"	"p.Val520Leu"	"c.1558G>C"	"missense_variant"	""	NA	""	1	250890	3.98581051456814e-06	0	0	0	16254	0	0	0	34584	0	0	0	10048	0	0	0	18390	0	0	0	21600	0	0	1	113330	0	0	0	6122	0	0	0	30562	0	0	"5-35954318-C-G"	TRUE	"Exon 7"
5	35954332	"rs373182805"	"C"	"T"	"gnomAD Exomes"	"PASS"	NA	"ENST00000274278.3"	"p.Arg515His"	"p.Arg515His"	"c.1544G>A"	"missense_variant"	""	NA	""	5	251108	1.99117511190404e-05	0	0	1	16256	0	0	0	34584	0	0	0	10062	0	0	0	18392	0	0	0	21604	0	0	1	113482	0	0	0	6126	0	0	3	30602	0	0	"5-35954332-C-T"	TRUE	"Exon 7"
5	35954332	"rs373182805"	"C"	"G"	"gnomAD Exomes"	"PASS"	NA	"ENST00000274278.3"	"p.Arg515Pro"	"p.Arg515Pro"	"c.1544G>C"	"missense_variant"	""	NA	""	1	251108	3.98235022380808e-06	0	0	0	16256	0	0	0	34584	0	0	0	10062	0	0	0	18392	0	0	0	21604	0	0	0	113482	0	0	0	6126	0	0	1	30602	0	0	"5-35954332-C-G"	TRUE	"Exon 7"
5	35954332	"rs373182805"	"C"	"A"	"gnomAD Exomes"	"PASS"	NA	"ENST00000274278.3"	"p.Arg515Leu"	"p.Arg515Leu"	"c.1544G>T"	"missense_variant"	""	NA	""	2	251108	7.96470044761617e-06	0	0	2	16256	0	0	0	34584	0	0	0	10062	0	0	0	18392	0	0	0	21604	0	0	0	113482	0	0	0	6126	0	0	0	30602	0	0	"5-35954332-C-A"	TRUE	"Exon 7"
5	35954333	"rs369138116"	"G"	"A"	"gnomAD Exomes"	"PASS"	NA	"ENST00000274278.3"	"p.Arg515Cys"	"p.Arg515Cys"	"c.1543C>T"	"missense_variant"	""	NA	""	18	251098	7.16851587826267e-05	1	0	0	16254	0	0	1	34586	0	0	0	10066	0	0	0	18390	0	0	0	21600	0	0	2	113474	0	0	1	6128	0	0	14	30600	1	0	"5-35954333-G-A"	TRUE	"Exon 7"
5	35954337	"rs774739369"	"C"	"A"	"gnomAD Exomes"	"PASS"	NA	"ENST00000274278.3"	"p.Trp513Cys"	"p.Trp513Cys"	"c.1539G>T"	"missense_variant"	""	NA	""	2	251136	7.9638124362895e-06	0	0	0	16254	0	0	0	34586	0	0	0	10068	0	0	0	18390	0	0	0	21612	0	0	0	113492	0	0	0	6124	0	0	2	30610	0	0	"5-35954337-C-A"	TRUE	"Exon 7"
5	35954339	"rs748616114"	"A"	"C"	"gnomAD Exomes"	"PASS"	NA	"ENST00000274278.3"	"p.Trp513Gly"	"p.Trp513Gly"	"c.1537T>G"	"missense_variant"	""	NA	""	1	251178	3.98124039525755e-06	0	0	0	16250	0	0	0	34586	0	0	0	10072	0	0	0	18388	0	0	0	21604	0	0	1	113534	0	0	0	6130	0	0	0	30614	0	0	"5-35954339-A-C"	TRUE	"Exon 7"
5	35954341	"rs772590552"	"C"	"T"	"gnomAD Exomes"	"PASS"	NA	"ENST00000274278.3"	"p.Arg512Lys"	"p.Arg512Lys"	"c.1535G>A"	"missense_variant"	""	NA	""	1	251220	3.9805747950004e-06	0	0	0	16252	0	0	1	34586	0	0	0	10072	0	0	0	18390	0	0	0	21622	0	0	0	113558	0	0	0	6128	0	0	0	30612	0	0	"5-35954341-C-T"	TRUE	"Exon 7"
5	35954345	"rs1395591199"	"C"	"T"	"gnomAD Exomes"	"PASS"	NA	"ENST00000274278.3"	"p.Ala511Thr"	"p.Ala511Thr"	"c.1531G>A"	"missense_variant"	""	NA	""	1	251236	3.98032129153465e-06	0	0	0	16254	0	0	1	34586	0	0	0	10068	0	0	0	18392	0	0	0	21618	0	0	0	113580	0	0	0	6128	0	0	0	30610	0	0	"5-35954345-C-T"	TRUE	"Exon 7"
5	35954347	"rs776150615"	"A"	"G"	"gnomAD Exomes"	"PASS"	NA	"ENST00000274278.3"	"p.Val510Ala"	"p.Val510Ala"	"c.1529T>C"	"missense_variant"	""	NA	""	1	251266	3.97984605955442e-06	0	0	0	16250	0	0	0	34588	0	0	0	10068	0	0	0	18390	0	0	0	21630	0	0	0	113600	0	0	0	6128	0	0	1	30612	0	0	"5-35954347-A-G"	TRUE	"Exon 7"
5	35954351	"rs201495649"	"C"	"A"	"gnomAD Exomes"	"PASS"	NA	"ENST00000274278.3"	"p.Val509Leu"	"p.Val509Leu"	"c.1525G>T"	"missense_variant"	""	NA	""	1	251272	3.97975102677576e-06	0	0	0	16256	0	0	1	34588	0	0	0	10068	0	0	0	18386	0	0	0	21626	0	0	0	113604	0	0	0	6132	0	0	0	30612	0	0	"5-35954351-C-A"	TRUE	"Exon 7"
5	35954353	"rs1404442976"	"C"	"A"	"gnomAD Exomes"	"PASS"	NA	"ENST00000274278.3"	"p.Gly508Val"	"p.Gly508Val"	"c.1523G>T"	"missense_variant"	""	NA	""	3	251300	1.19379228014326e-05	0	0	1	16256	0	0	0	34586	0	0	0	10070	0	0	0	18390	0	0	0	21628	0	0	2	113624	0	0	0	6134	0	0	0	30612	0	0	"5-35954353-C-A"	TRUE	"Exon 7"
5	35954363	"rs1326250001"	"T"	"G"	"gnomAD Exomes"	"PASS"	NA	"ENST00000274278.3"	"p.Lys505Gln"	"p.Lys505Gln"	"c.1513A>C"	"missense_variant"	""	NA	""	1	251254	3.98003613872814e-06	0	0	0	16246	0	0	0	34578	0	0	0	10066	0	0	0	18382	0	0	0	21632	0	0	1	113602	0	0	0	6136	0	0	0	30612	0	0	"5-35954363-T-G"	TRUE	"Exon 7"
5	35954368	"rs774981698"	"C"	"T"	"gnomAD Exomes"	"PASS"	NA	"ENST00000274278.3"	"p.Cys503Tyr"	"p.Cys503Tyr"	"c.1508G>A"	"missense_variant"	""	NA	""	1	251230	3.98041635155037e-06	0	0	0	16246	0	0	1	34576	0	0	0	10064	0	0	0	18384	0	0	0	21632	0	0	0	113588	0	0	0	6134	0	0	0	30606	0	0	"5-35954368-C-T"	TRUE	"Exon 7"
5	35954372	"rs762733457"	"G"	"A"	"gnomAD Exomes"	"PASS"	NA	"ENST00000274278.3"	"p.Leu502Phe"	"p.Leu502Phe"	"c.1504C>T"	"missense_variant"	""	NA	""	3	251240	1.19407737621398e-05	0	0	0	16238	0	0	2	34576	0	0	0	10066	0	0	1	18384	0	0	0	21640	0	0	0	113600	0	0	0	6130	0	0	0	30606	0	0	"5-35954372-G-A"	TRUE	"Exon 7"
5	35954375	"rs374910980"	"A"	"C"	"gnomAD Exomes"	"PASS"	NA	"ENST00000274278.3"	"p.Trp501Gly"	"p.Trp501Gly"	"c.1501T>G"	"missense_variant"	"Uncertain significance"	2467432	""	6	251282	2.38775558933788e-05	0	0	0	16242	0	0	3	34578	0	0	0	10068	0	0	0	18380	0	0	0	21638	0	0	3	113630	0	0	0	6134	0	0	0	30612	0	0	"5-35954375-A-C"	TRUE	"Exon 7"
5	35954377	"rs146760170"	"A"	"G"	"gnomAD Exomes,gnomAD Genomes"	"PASS"	"PASS"	"ENST00000274278.3"	"p.Met500Thr"	"p.Met500Thr"	"c.1499T>C"	"missense_variant"	""	NA	""	61	282684	0.000215788654469301	1	0	0	24960	0	0	0	35424	0	0	0	10362	0	0	59	19940	1	0	0	25116	0	0	1	129046	0	0	1	7222	0	0	0	30614	0	0	"5-35954377-A-G"	TRUE	"Exon 7"
5	35954378	"rs757198568"	"T"	"C"	"gnomAD Exomes"	"PASS"	NA	"ENST00000274278.3"	"p.Met500Val"	"p.Met500Val"	"c.1498A>G"	"missense_variant"	""	NA	""	1	251264	3.97987773815588e-06	0	0	0	16236	0	0	0	34580	0	0	0	10066	0	0	0	18378	0	0	0	21640	0	0	1	113618	0	0	0	6134	0	0	0	30612	0	0	"5-35954378-T-C"	TRUE	"Exon 7"
5	35954384	"rs201704794"	"C"	"G"	"gnomAD Genomes"	NA	"PASS"	"ENST00000274278.3"	"p.Gly498Arg"	"p.Gly498Arg"	"c.1492G>C"	"missense_variant"	""	NA	""	1	31398	3.18491623670297e-05	0	0	0	8712	0	0	0	848	0	0	0	290	0	0	0	1560	0	0	0	3476	0	0	1	15424	0	0	0	1088	0	0	0	0	0	0	"5-35954384-C-G"	TRUE	"Exon 7"
5	35954393	"rs749443207"	"G"	"A"	"gnomAD Exomes"	"PASS"	NA	"ENST00000274278.3"	"p.Leu495Phe"	"p.Leu495Phe"	"c.1483C>T"	"missense_variant"	""	NA	""	3	251204	1.19424849922772e-05	0	0	0	16236	0	0	0	34566	0	0	0	10068	0	0	0	18386	0	0	0	21630	0	0	0	113574	0	0	0	6134	0	0	3	30610	0	0	"5-35954393-G-A"	TRUE	"Exon 7"
5	35954396	"rs755225814"	"C"	"A"	"gnomAD Exomes"	"PASS"	NA	"ENST00000274278.3"	"p.Gly494Trp"	"p.Gly494Trp"	"c.1480G>T"	"missense_variant"	""	NA	""	3	251206	1.1942389911069e-05	0	0	0	16242	0	0	0	34564	0	0	0	10064	0	0	0	18380	0	0	0	21634	0	0	3	113582	0	0	0	6132	0	0	0	30608	0	0	"5-35954396-C-A"	TRUE	"Exon 7"
5	35954414	"rs779201081"	"C"	"T"	"gnomAD Exomes"	"PASS"	NA	"ENST00000274278.3"	"p.Val488Ile"	"p.Val488Ile"	"c.1462G>A"	"missense_variant"	""	NA	""	3	251304	1.19377327857893e-05	0	0	0	16252	0	0	0	34576	0	0	0	10072	0	0	0	18394	0	0	0	21630	0	0	1	113638	0	0	0	6132	0	0	2	30610	0	0	"5-35954414-C-T"	TRUE	"Exon 7"
5	35954419	"rs1170672586"	"A"	"G"	"gnomAD Exomes,gnomAD Genomes"	"PASS"	"PASS"	"ENST00000274278.3"	"p.Ile486Thr"	"p.Ile486Thr"	"c.1457T>C"	"missense_variant"	""	NA	""	2	282700	7.07463742483198e-06	0	0	0	24958	0	0	0	35422	0	0	0	10362	0	0	0	19952	0	0	0	25110	0	0	2	129066	0	0	0	7222	0	0	0	30608	0	0	"5-35954419-A-G"	TRUE	"Exon 7"
5	35954420	"rs1363969245"	"T"	"C"	"gnomAD Exomes"	"PASS"	NA	"ENST00000274278.3"	"p.Ile486Val"	"p.Ile486Val"	"c.1456A>G"	"missense_variant"	""	NA	""	2	251312	7.95823518176609e-06	0	0	0	16254	0	0	0	34570	0	0	0	10072	0	0	0	18392	0	0	0	21638	0	0	2	113644	0	0	0	6132	0	0	0	30610	0	0	"5-35954420-T-C"	TRUE	"Exon 7"
5	35954423	"rs1424316492"	"G"	"T"	"gnomAD Exomes"	"PASS"	NA	"ENST00000274278.3"	"p.Leu485Ile"	"p.Leu485Ile"	"c.1453C>A"	"missense_variant"	""	NA	""	1	251320	3.97899092790068e-06	0	0	0	16254	0	0	0	34570	0	0	0	10072	0	0	0	18394	0	0	0	21636	0	0	1	113648	0	0	0	6134	0	0	0	30612	0	0	"5-35954423-G-T"	TRUE	"Exon 7"
5	35954428	"rs1303801382"	"T"	"C"	"gnomAD Exomes"	"PASS"	NA	"ENST00000274278.3"	"p.Gln483Arg"	"p.Gln483Arg"	"c.1448A>G"	"missense_variant"	""	NA	""	2	251346	7.95715865778648e-06	0	0	0	16252	0	0	0	34578	0	0	0	10076	0	0	1	18394	0	0	0	21636	0	0	1	113662	0	0	0	6136	0	0	0	30612	0	0	"5-35954428-T-C"	TRUE	"Exon 7"
5	35954436	"rs772502603"	"C"	"A"	"gnomAD Exomes"	"PASS"	NA	"ENST00000274278.3"	"p.Trp480Cys"	"p.Trp480Cys"	"c.1440G>T"	"missense_variant"	""	NA	""	1	251324	3.9789275994334e-06	0	0	0	16254	0	0	0	34570	0	0	0	10076	0	0	0	18394	0	0	0	21636	0	0	1	113652	0	0	0	6132	0	0	0	30610	0	0	"5-35954436-C-A"	TRUE	"Exon 7"
5	35954452	"rs1327352127"	"G"	"T"	"gnomAD Exomes"	"PASS"	NA	"ENST00000274278.3"	"p.Ala475Asp"	"p.Ala475Asp"	"c.1424C>A"	"missense_variant"	""	NA	""	1	251334	3.97876928708412e-06	0	0	0	16254	0	0	0	34576	0	0	0	10076	0	0	0	18394	0	0	0	21638	0	0	0	113656	0	0	0	6132	0	0	1	30608	0	0	"5-35954452-G-T"	TRUE	"Exon 7"
5	35954455	"rs1230105131"	"T"	"C"	"gnomAD Exomes,gnomAD Genomes"	"PASS"	"PASS"	"ENST00000274278.3"	"p.Tyr474Cys"	"p.Tyr474Cys"	"c.1421A>G"	"missense_variant"	""	NA	""	4	282756	1.41464725770629e-05	0	0	0	24964	0	0	1	35430	0	0	0	10366	0	0	0	19950	0	0	0	25116	0	0	1	129098	0	0	0	7222	0	0	2	30610	0	0	"5-35954455-T-C"	TRUE	"Exon 7"
5	35954455	"rs1230105131"	"T"	"G"	"gnomAD Exomes"	"PASS"	NA	"ENST00000274278.3"	"p.Tyr474Ser"	"p.Tyr474Ser"	"c.1421A>C"	"missense_variant"	""	NA	""	1	251370	3.97819946692127e-06	0	0	0	16254	0	0	0	34582	0	0	0	10076	0	0	0	18394	0	0	0	21640	0	0	1	113676	0	0	0	6138	0	0	0	30610	0	0	"5-35954455-T-G"	TRUE	"Exon 7"
5	35954466	"rs936586574"	"G"	"T"	"gnomAD Exomes"	"PASS"	NA	"ENST00000274278.3"	"p.His470Gln"	"p.His470Gln"	"c.1410C>A"	"missense_variant"	""	NA	""	2	251334	7.95753857416824e-06	0	0	0	16250	0	0	0	34574	0	0	0	10074	0	0	0	18392	0	0	0	21640	0	0	2	113660	0	0	0	6134	0	0	0	30610	0	0	"5-35954466-G-T"	TRUE	"Exon 7"
5	35954467	"rs769154105"	"T"	"G"	"gnomAD Exomes"	"PASS"	NA	"ENST00000274278.3"	"p.His470Pro"	"p.His470Pro"	"c.1409A>C"	"missense_variant"	""	NA	""	1	251350	3.97851601352695e-06	0	0	0	16248	0	0	0	34570	0	0	0	10074	0	0	0	18392	0	0	0	21646	0	0	0	113672	0	0	0	6134	0	0	1	30614	0	0	"5-35954467-T-G"	TRUE	"Exon 7"
5	35954470	"rs370982147"	"G"	"A"	"gnomAD Exomes"	"PASS"	NA	"ENST00000274278.3"	"p.Thr469Met"	"p.Thr469Met"	"c.1406C>T"	"missense_variant"	""	NA	""	16	251302	6.36684148952257e-05	0	0	2	16242	0	0	0	34574	0	0	0	10074	0	0	1	18392	0	0	0	21640	0	0	1	113634	0	0	1	6136	0	0	11	30610	0	0	"5-35954470-G-A"	TRUE	"Exon 7"
5	35954473	"rs141907677"	"G"	"A"	"gnomAD Exomes,gnomAD Genomes"	"PASS"	"PASS"	"ENST00000274278.3"	"p.Ala468Val"	"p.Ala468Val"	"c.1403C>T"	"missense_variant"	"Uncertain significance"	2568483	""	18	282682	6.36757911717053e-05	0	0	4	24966	0	0	2	35424	0	0	0	10362	0	0	3	19948	0	0	0	25112	0	0	7	129042	0	0	2	7220	0	0	0	30608	0	0	"5-35954473-G-A"	TRUE	"Exon 7"
5	35954480	"rs761693364"	"C"	"G"	"gnomAD Exomes"	"PASS"	NA	"ENST00000274278.3"	"p.Gly466Arg"	"p.Gly466Arg"	"c.1396G>C"	"missense_variant"	""	NA	""	3	251314	1.19372577731444e-05	0	0	0	16246	0	0	2	34576	0	0	0	10072	0	0	0	18390	0	0	0	21642	0	0	0	113642	0	0	0	6138	0	0	1	30608	0	0	"5-35954480-C-G"	TRUE	"Exon 7"
5	35954480	"rs761693364"	"C"	"A"	"gnomAD Exomes"	"PASS"	NA	"ENST00000274278.3"	"p.Gly466Trp"	"p.Gly466Trp"	"c.1396G>T"	"missense_variant"	""	NA	""	1	251314	3.97908592438145e-06	0	0	0	16246	0	0	0	34576	0	0	0	10072	0	0	0	18390	0	0	0	21642	0	0	1	113642	0	0	0	6138	0	0	0	30608	0	0	"5-35954480-C-A"	TRUE	"Exon 7"
5	35954483	"rs1383195407"	"T"	"C"	"gnomAD Exomes"	"PASS"	NA	"ENST00000274278.3"	"p.Thr465Ala"	"p.Thr465Ala"	"c.1393A>G"	"missense_variant"	""	NA	""	1	251298	3.97933927050752e-06	0	0	0	16248	0	0	0	34578	0	0	0	10076	0	0	0	18392	0	0	0	21634	0	0	1	113622	0	0	0	6138	0	0	0	30610	0	0	"5-35954483-T-C"	TRUE	"Exon 7"
5	35954486	"rs199675330"	"G"	"C"	"gnomAD Exomes"	"PASS"	NA	"ENST00000274278.3"	"p.Gln464Glu"	"p.Gln464Glu"	"c.1390C>G"	"missense_variant"	""	NA	""	1	251288	3.97949762821941e-06	0	0	0	16250	0	0	0	34576	0	0	0	10072	0	0	0	18390	0	0	0	21628	0	0	1	113624	0	0	0	6136	0	0	0	30612	0	0	"5-35954486-G-C"	TRUE	"Exon 7"
5	35954491	"rs1164508182"	"A"	"G"	"gnomAD Exomes"	"PASS"	NA	"ENST00000274278.3"	"p.Ile462Thr"	"p.Ile462Thr"	"c.1385T>C"	"missense_variant"	""	NA	""	1	251252	3.98006782035566e-06	0	0	0	16248	0	0	0	34562	0	0	1	10074	0	0	0	18390	0	0	0	21616	0	0	0	113614	0	0	0	6138	0	0	0	30610	0	0	"5-35954491-A-G"	TRUE	"Exon 7"
5	35954498	"rs529749983"	"C"	"A"	"gnomAD Exomes,gnomAD Genomes"	"PASS"	"PASS"	"ENST00000274278.3"	"p.Asp460Tyr"	"p.Asp460Tyr"	"c.1378G>T"	"missense_variant"	""	NA	""	2	282564	7.07804249656715e-06	0	0	0	24950	0	0	2	35410	0	0	0	10364	0	0	0	19948	0	0	0	25080	0	0	0	128988	0	0	0	7220	0	0	0	30604	0	0	"5-35954498-C-A"	TRUE	"Exon 7"
5	35954498	"rs529749983"	"C"	"T"	"gnomAD Exomes"	"PASS"	NA	"ENST00000274278.3"	"p.Asp460Asn"	"p.Asp460Asn"	"c.1378G>A"	"missense_variant"	""	NA	""	2	251164	7.96292462295552e-06	0	0	0	16232	0	0	1	34562	0	0	0	10074	0	0	0	18390	0	0	0	21604	0	0	0	113564	0	0	1	6134	0	0	0	30604	0	0	"5-35954498-C-T"	TRUE	"Exon 7"
5	35954499	"rs201908500"	"G"	"C"	"gnomAD Exomes"	"PASS"	NA	"ENST00000274278.3"	"p.Ile459Met"	"p.Ile459Met"	"c.1377C>G"	"missense_variant"	"Uncertain significance"	2570237	""	2	251176	7.96254419212027e-06	0	0	1	16238	0	0	1	34566	0	0	0	10070	0	0	0	18392	0	0	0	21596	0	0	0	113576	0	0	0	6130	0	0	0	30608	0	0	"5-35954499-G-C"	TRUE	"Exon 7"
5	35954515	"rs894742328"	"C"	"T"	"gnomAD Exomes,gnomAD Genomes"	"PASS"	"PASS"	"ENST00000274278.3"	"p.Arg454Gln"	"p.Arg454Gln"	"c.1361G>A"	"missense_variant"	""	NA	""	4	282598	1.4154381842759e-05	0	0	4	24920	0	0	0	35422	0	0	0	10360	0	0	0	19952	0	0	0	25104	0	0	0	129016	0	0	0	7222	0	0	0	30602	0	0	"5-35954515-C-T"	TRUE	"Exon 7"
5	35954516	"rs778238581"	"G"	"A"	"gnomAD Exomes,gnomAD Genomes"	"PASS"	"PASS"	"ENST00000274278.3"	"p.Arg454Trp"	"p.Arg454Trp"	"c.1360C>T"	"missense_variant"	""	NA	""	4	282586	1.41549829078581e-05	0	0	1	24928	0	0	0	35420	0	0	0	10358	0	0	0	19950	0	0	0	25098	0	0	3	129010	0	0	0	7222	0	0	0	30600	0	0	"5-35954516-G-A"	TRUE	"Exon 7"
5	35954522	"rs200660217"	"C"	"T"	"gnomAD Exomes,gnomAD Genomes"	"PASS"	"PASS"	"ENST00000274278.3"	"p.Ala452Thr"	"p.Ala452Thr"	"c.1354G>A"	"missense_variant"	""	NA	""	5	282550	1.76959830118563e-05	0	0	0	24928	0	0	2	35410	0	0	0	10362	0	0	0	19944	0	0	0	25086	0	0	3	129006	0	0	0	7222	0	0	0	30592	0	0	"5-35954522-C-T"	TRUE	"Exon 7"
5	35954525	"rs531887719"	"G"	"A"	"gnomAD Exomes,gnomAD Genomes"	"PASS"	"PASS"	"ENST00000274278.3"	"p.Pro451Ser"	"p.Pro451Ser"	"c.1351C>T"	"missense_variant"	""	NA	""	28	282626	9.90708568921472e-05	0	0	0	24948	0	0	0	35412	0	0	0	10366	0	0	0	19954	0	0	23	25090	0	0	4	129030	0	0	1	7220	0	0	0	30606	0	0	"5-35954525-G-A"	TRUE	"Exon 7"
5	35954528	"rs779371036"	"T"	"C"	"gnomAD Exomes"	"PASS"	NA	"ENST00000274278.3"	"p.Ser450Gly"	"p.Ser450Gly"	"c.1348A>G"	"missense_variant"	""	NA	""	1	251210	3.98073325106485e-06	0	0	0	16230	0	0	0	34568	0	0	0	10076	0	0	0	18394	0	0	0	21616	0	0	1	113584	0	0	0	6132	0	0	0	30610	0	0	"5-35954528-T-C"	TRUE	"Exon 7"
5	35954530	"rs768343985"	"A"	"G"	"gnomAD Exomes"	"PASS"	NA	"ENST00000274278.3"	"p.Leu449Pro"	"p.Leu449Pro"	"c.1346T>C"	"missense_variant"	"Uncertain significance"	2550976	""	3	251194	1.19429604210292e-05	0	0	0	16236	0	0	0	34564	0	0	0	10074	0	0	0	18394	0	0	0	21612	0	0	3	113586	0	0	0	6128	0	0	0	30600	0	0	"5-35954530-A-G"	TRUE	"Exon 7"
5	35954533	"rs767931098"	"G"	"A"	"gnomAD Exomes"	"PASS"	NA	"ENST00000274278.3"	"p.Pro448Leu"	"p.Pro448Leu"	"c.1343C>T"	"missense_variant"	""	NA	""	1	251234	3.98035297770206e-06	0	0	0	16240	0	0	0	34568	0	0	0	10078	0	0	0	18394	0	0	0	21618	0	0	1	113598	0	0	0	6128	0	0	0	30610	0	0	"5-35954533-G-A"	TRUE	"Exon 7"
5	35954540	"rs774137398"	"A"	"G"	"gnomAD Exomes"	"PASS"	NA	"ENST00000274278.3"	"p.Ser446Pro"	"p.Ser446Pro"	"c.1336T>C"	"missense_variant"	""	NA	""	4	251184	1.59245811835149e-05	0	0	1	16242	0	0	1	34578	0	0	0	10074	0	0	0	18394	0	0	0	21610	0	0	2	113554	0	0	0	6130	0	0	0	30602	0	0	"5-35954540-A-G"	TRUE	"Exon 7"
5	35954553	"rs1184367575"	"A"	"C"	"gnomAD Exomes"	"PASS"	NA	"ENST00000274278.3"	"p.Ser441Arg"	"p.Ser441Arg"	"c.1323T>G"	"missense_variant"	""	NA	""	1	250488	3.99220721152311e-06	0	0	1	16144	0	0	0	34538	0	0	0	10058	0	0	0	18372	0	0	0	21560	0	0	0	113116	0	0	0	6106	0	0	0	30594	0	0	"5-35954553-A-C"	TRUE	"Exon 7"
5	35954561	"rs1416261483"	"C"	"G"	"gnomAD Exomes"	"PASS"	NA	"ENST00000274278.3"	"p.Ala439Pro"	"p.Ala439Pro"	"c.1315G>C"	"missense_variant"	""	NA	""	7	250302	2.79662168100934e-05	0	0	1	16104	0	0	2	34536	0	0	0	10054	0	0	1	18376	0	0	1	21490	0	0	2	113050	0	0	0	6102	0	0	0	30590	0	0	"5-35954561-C-G"	TRUE	"Exon 7"
5	35954572	"rs771735817"	"G"	"A"	"gnomAD Exomes"	"PASS"	NA	"ENST00000274278.3"	"p.Ser435Leu"	"p.Ser435Leu"	"c.1304C>T"	"missense_variant"	""	NA	""	10	250620	3.99010454073897e-05	0	0	0	16200	0	0	4	34540	0	0	0	10054	0	0	0	18388	0	0	0	21552	0	0	0	113186	0	0	0	6118	0	0	6	30582	0	0	"5-35954572-G-A"	TRUE	"Exon 7"
5	35954578	"rs773093984"	"T"	"C"	"gnomAD Exomes"	"PASS"	NA	"ENST00000274278.3"	"p.Tyr433Cys"	"p.Tyr433Cys"	"c.1298A>G"	"missense_variant"	""	NA	""	7	250590	2.79340755816274e-05	0	0	0	16202	0	0	0	34544	0	0	0	10048	0	0	6	18392	0	0	0	21552	0	0	1	113180	0	0	0	6108	0	0	0	30564	0	0	"5-35954578-T-C"	TRUE	"Exon 7"
5	35954579	"rs1459272873"	"A"	"T"	"gnomAD Exomes"	"PASS"	NA	"ENST00000274278.3"	"p.Tyr433Asn"	"p.Tyr433Asn"	"c.1297T>A"	"missense_variant"	""	NA	""	1	250480	3.9923347173427e-06	0	0	0	16194	0	0	0	34532	0	0	0	10046	0	0	0	18390	0	0	0	21526	0	0	1	113118	0	0	0	6108	0	0	0	30566	0	0	"5-35954579-A-T"	TRUE	"Exon 7"
5	35955749	"rs201756189"	"C"	"G"	"gnomAD Exomes"	"PASS"	NA	"ENST00000274278.3"	"p.Lys431Asn"	"p.Lys431Asn"	"c.1293G>C"	"missense_variant"	""	NA	""	5	251394	1.98890983873919e-05	0	0	0	16256	0	0	0	34590	0	0	0	10080	0	0	0	18394	0	0	0	21644	0	0	5	113678	0	0	0	6138	0	0	0	30614	0	0	"5-35955749-C-G"	TRUE	"Exon 6"
5	35955753	"rs763024246"	"T"	"C"	"gnomAD Exomes"	"PASS"	NA	"ENST00000274278.3"	"p.Asp430Gly"	"p.Asp430Gly"	"c.1289A>G"	"missense_variant"	""	NA	""	1	251426	3.97731340434164e-06	0	0	0	16256	0	0	0	34590	0	0	0	10080	0	0	0	18392	0	0	0	21642	0	0	1	113714	0	0	0	6138	0	0	0	30614	0	0	"5-35955753-T-C"	TRUE	"Exon 6"
5	35955754	"rs764377459"	"C"	"T"	"gnomAD Exomes"	"PASS"	NA	"ENST00000274278.3"	"p.Asp430Asn"	"p.Asp430Asn"	"c.1288G>A"	"missense_variant"	""	NA	""	1	251424	3.97734504263714e-06	0	0	0	16256	0	0	0	34590	0	0	0	10080	0	0	0	18394	0	0	0	21642	0	0	1	113710	0	0	0	6138	0	0	0	30614	0	0	"5-35955754-C-T"	TRUE	"Exon 6"
5	35955764	"rs1481046965"	"T"	"G"	"gnomAD Exomes"	"PASS"	NA	"ENST00000274278.3"	"p.Gln426His"	"p.Gln426His"	"c.1278A>C"	"missense_variant"	""	NA	""	1	251460	3.97677563031894e-06	0	0	0	16256	0	0	1	34590	0	0	0	10080	0	0	0	18394	0	0	0	21644	0	0	0	113740	0	0	0	6140	0	0	0	30616	0	0	"5-35955764-T-G"	TRUE	"Exon 6"
5	35955770	"rs199844466"	"C"	"T"	"gnomAD Exomes,gnomAD Genomes"	"PASS"	"PASS"	"ENST00000274278.3"	"p.Met424Ile"	"p.Met424Ile"	"c.1272G>A"	"missense_variant"	"Uncertain significance"	2395388	""	61	282876	0.000215642189510598	0	0	1	24968	0	0	32	35440	0	0	1	10370	0	0	0	19954	0	0	0	25122	0	0	25	129178	0	0	2	7228	0	0	0	30616	0	0	"5-35955770-C-T"	TRUE	"Exon 6"
5	35955771	"rs768047152"	"A"	"G"	"gnomAD Exomes"	"PASS"	NA	"ENST00000274278.3"	"p.Met424Thr"	"p.Met424Thr"	"c.1271T>C"	"missense_variant"	""	NA	""	5	251478	1.98824549264747e-05	0	0	0	16256	0	0	0	34592	0	0	0	10080	0	0	0	18394	0	0	0	21646	0	0	0	113754	0	0	0	6140	0	0	5	30616	0	0	"5-35955771-A-G"	TRUE	"Exon 6"
5	35955780	"rs1370807688"	"G"	"A"	"gnomAD Exomes"	"PASS"	NA	"ENST00000274278.3"	"p.Thr421Ile"	"p.Thr421Ile"	"c.1262C>T"	"missense_variant"	""	NA	""	1	251480	3.97645936058533e-06	0	0	0	16256	0	0	0	34592	0	0	0	10080	0	0	0	18394	0	0	0	21646	0	0	1	113758	0	0	0	6140	0	0	0	30614	0	0	"5-35955780-G-A"	TRUE	"Exon 6"
5	35955790	"rs147780586"	"C"	"T"	"gnomAD Exomes"	"PASS"	NA	"ENST00000274278.3"	"p.Asp418Asn"	"p.Asp418Asn"	"c.1252G>A"	"missense_variant"	""	NA	""	9	251480	3.5788134245268e-05	0	0	6	16256	0	0	2	34592	0	0	0	10080	0	0	0	18394	0	0	0	21646	0	0	0	113756	0	0	1	6140	0	0	0	30616	0	0	"5-35955790-C-T"	TRUE	"Exon 6"
5	35955792	"rs778521267"	"G"	"A"	"gnomAD Exomes"	"PASS"	NA	"ENST00000274278.3"	"p.Ala417Val"	"p.Ala417Val"	"c.1250C>T"	"missense_variant"	""	NA	""	1	251490	3.97630124458229e-06	0	0	0	16256	0	0	0	34592	0	0	0	10080	0	0	0	18394	0	0	0	21648	0	0	1	113764	0	0	0	6140	0	0	0	30616	0	0	"5-35955792-G-A"	TRUE	"Exon 6"
5	35955795	"rs1276551325"	"G"	"A"	"gnomAD Exomes"	"PASS"	NA	"ENST00000274278.3"	"p.Thr416Ile"	"p.Thr416Ile"	"c.1247C>T"	"missense_variant"	""	NA	""	1	251490	3.97630124458229e-06	0	0	0	16256	0	0	0	34592	0	0	0	10080	0	0	0	18394	0	0	0	21648	0	0	0	113766	0	0	0	6140	0	0	1	30614	0	0	"5-35955795-G-A"	TRUE	"Exon 6"
5	35955810	"rs375000458"	"C"	"T"	"gnomAD Exomes,gnomAD Genomes"	"PASS"	"PASS"	"ENST00000274278.3"	"p.Arg411Gln"	"p.Arg411Gln"	"c.1232G>A"	"missense_variant"	""	NA	""	20	282892	7.06983583841183e-05	0	0	1	24966	0	0	0	35440	0	0	0	10370	0	0	0	19952	0	0	0	25122	0	0	18	129198	0	0	0	7228	0	0	1	30616	0	0	"5-35955810-C-T"	TRUE	"Exon 6"
5	35955811	"rs141143848"	"G"	"A"	"gnomAD Exomes,gnomAD Genomes"	"PASS"	"PASS"	"ENST00000274278.3"	"p.Arg411Trp"	"p.Arg411Trp"	"c.1231C>T"	"missense_variant"	""	NA	""	81	282884	0.000286336448862431	0	0	4	24960	0	0	3	35440	0	0	0	10370	0	0	17	19954	0	0	0	25124	0	0	18	129192	0	0	2	7228	0	0	37	30616	0	0	"5-35955811-G-A"	TRUE	"Exon 6"
5	35955813	"rs1344545048"	"A"	"G"	"gnomAD Exomes"	"PASS"	NA	"ENST00000274278.3"	"p.Ile410Thr"	"p.Ile410Thr"	"c.1229T>C"	"missense_variant"	""	NA	""	1	251488	3.97633286677694e-06	0	0	0	16256	0	0	1	34592	0	0	0	10080	0	0	0	18394	0	0	0	21648	0	0	0	113762	0	0	0	6140	0	0	0	30616	0	0	"5-35955813-A-G"	TRUE	"Exon 6"
5	35955814	""	"T"	"C"	"gnomAD Exomes"	"PASS"	NA	"ENST00000274278.3"	"p.Ile410Val"	"p.Ile410Val"	"c.1228A>G"	"missense_variant"	""	NA	""	1	251490	3.97630124458229e-06	0	0	0	16256	0	0	0	34592	0	0	0	10080	0	0	0	18394	0	0	0	21648	0	0	0	113764	0	0	1	6140	0	0	0	30616	0	0	"5-35955814-T-C"	TRUE	"Exon 6"
5	35955819	"rs143483561"	"A"	"G"	"gnomAD Exomes"	"PASS"	NA	"ENST00000274278.3"	"p.Val408Ala"	"p.Val408Ala"	"c.1223T>C"	"missense_variant"	""	NA	""	3	251496	1.1928619143048e-05	0	0	2	16256	0	0	0	34592	0	0	0	10080	0	0	0	18394	0	0	0	21648	0	0	1	113770	0	0	0	6140	0	0	0	30616	0	0	"5-35955819-A-G"	TRUE	"Exon 6"
5	35955820	"rs1291114871"	"C"	"T"	"gnomAD Exomes"	"PASS"	NA	"ENST00000274278.3"	"p.Val408Ile"	"p.Val408Ile"	"c.1222G>A"	"missense_variant"	""	NA	""	1	251494	3.97623800170183e-06	0	0	0	16256	0	0	0	34592	0	0	0	10080	0	0	1	18394	0	0	0	21648	0	0	0	113768	0	0	0	6140	0	0	0	30616	0	0	"5-35955820-C-T"	TRUE	"Exon 6"
5	35955822	"rs770726663"	"C"	"T"	"gnomAD Exomes"	"PASS"	NA	"ENST00000274278.3"	"p.Gly407Asp"	"p.Gly407Asp"	"c.1220G>A"	"missense_variant"	""	NA	""	1	251494	3.97623800170183e-06	0	0	0	16256	0	0	0	34592	0	0	0	10080	0	0	0	18394	0	0	0	21646	0	0	1	113770	0	0	0	6140	0	0	0	30616	0	0	"5-35955822-C-T"	TRUE	"Exon 6"
5	35955825	"rs776440342"	"T"	"A"	"gnomAD Exomes,gnomAD Genomes"	"PASS"	"PASS"	"ENST00000274278.3"	"p.Tyr406Phe"	"p.Tyr406Phe"	"c.1217A>T"	"missense_variant"	""	NA	""	3	282902	1.06043789015277e-05	0	0	3	24970	0	0	0	35440	0	0	0	10370	0	0	0	19954	0	0	0	25124	0	0	0	129200	0	0	0	7228	0	0	0	30616	0	0	"5-35955825-T-A"	TRUE	"Exon 6"
5	35955829	"rs148008807"	"T"	"G"	"gnomAD Exomes"	"PASS"	NA	"ENST00000274278.3"	"p.Asn405His"	"p.Asn405His"	"c.1213A>C"	"missense_variant"	""	NA	""	31	251490	0.000123265338582051	0	0	0	16256	0	0	11	34592	0	0	14	10080	0	0	0	18394	0	0	0	21646	0	0	1	113766	0	0	5	6140	0	0	0	30616	0	0	"5-35955829-T-G"	TRUE	"Exon 6"
5	35955831	"rs769736050"	"T"	"C"	"gnomAD Exomes"	"PASS"	NA	"ENST00000274278.3"	"p.Lys404Arg"	"p.Lys404Arg"	"c.1211A>G"	"missense_variant"	""	NA	""	1	251490	3.97630124458229e-06	0	0	1	16256	0	0	0	34592	0	0	0	10080	0	0	0	18394	0	0	0	21648	0	0	0	113764	0	0	0	6140	0	0	0	30616	0	0	"5-35955831-T-C"	TRUE	"Exon 6"
5	35955843	"rs763080249"	"C"	"A"	"gnomAD Exomes"	"PASS"	NA	"ENST00000274278.3"	"p.Arg400Leu"	"p.Arg400Leu"	"c.1199G>T"	"missense_variant"	""	NA	""	1	251488	3.97633286677694e-06	0	0	0	16256	0	0	0	34592	0	0	0	10080	0	0	1	18394	0	0	0	21648	0	0	0	113762	0	0	0	6140	0	0	0	30616	0	0	"5-35955843-C-A"	TRUE	"Exon 6"
5	35955843	"rs763080249"	"C"	"T"	"gnomAD Exomes"	"PASS"	NA	"ENST00000274278.3"	"p.Arg400Gln"	"p.Arg400Gln"	"c.1199G>A"	"missense_variant"	""	NA	""	3	251488	1.19289986003308e-05	0	0	0	16256	0	0	1	34592	0	0	1	10080	0	0	0	18394	0	0	0	21648	0	0	1	113762	0	0	0	6140	0	0	0	30616	0	0	"5-35955843-C-T"	TRUE	"Exon 6"
5	35955848	"rs761985145"	"C"	"T"	"gnomAD Exomes"	"PASS"	NA	"ENST00000274278.3"	"p.Met398Ile"	"p.Met398Ile"	"c.1194G>A"	"missense_variant"	"Uncertain significance"	2329714	""	1	251486	3.97636448947456e-06	0	0	0	16256	0	0	0	34592	0	0	0	10080	0	0	0	18394	0	0	0	21648	0	0	0	113760	0	0	0	6140	0	0	1	30616	0	0	"5-35955848-C-T"	TRUE	"Exon 6"
5	35955848	"rs761985145"	"C"	"G"	"gnomAD Exomes"	"PASS"	NA	"ENST00000274278.3"	"p.Met398Ile"	"p.Met398Ile"	"c.1194G>C"	"missense_variant"	""	NA	""	9	251486	3.57872804052711e-05	0	0	0	16256	0	0	0	34592	0	0	0	10080	0	0	0	18394	0	0	0	21648	0	0	0	113760	0	0	0	6140	0	0	9	30616	0	0	"5-35955848-C-G"	TRUE	"Exon 6"
5	35955850	"rs191737460"	"T"	"C"	"gnomAD Exomes,gnomAD Genomes"	"PASS"	"PASS"	"ENST00000274278.3"	"p.Met398Val"	"p.Met398Val"	"c.1192A>G"	"missense_variant"	"Uncertain significance"	2484509	""	21	282892	7.42332763033242e-05	0	0	21	24968	0	0	0	35438	0	0	0	10370	0	0	0	19954	0	0	0	25124	0	0	0	129194	0	0	0	7228	0	0	0	30616	0	0	"5-35955850-T-C"	TRUE	"Exon 6"
5	35955851	"rs371955454"	"G"	"C"	"gnomAD Exomes,gnomAD Genomes"	"PASS"	"PASS"	"ENST00000274278.3"	"p.Asn397Lys"	"p.Asn397Lys"	"c.1191C>G"	"missense_variant"	""	NA	""	5	282888	1.76748395124572e-05	0	0	0	24968	0	0	0	35436	0	0	0	10370	0	0	0	19954	0	0	0	25124	0	0	5	129192	0	0	0	7228	0	0	0	30616	0	0	"5-35955851-G-C"	TRUE	"Exon 6"
5	35955857	"rs1343343291"	"A"	"C"	"gnomAD Exomes"	"PASS"	NA	"ENST00000274278.3"	"p.His395Gln"	"p.His395Gln"	"c.1185T>G"	"missense_variant"	""	NA	""	1	251486	3.97636448947456e-06	0	0	0	16256	0	0	1	34592	0	0	0	10080	0	0	0	18394	0	0	0	21648	0	0	0	113760	0	0	0	6140	0	0	0	30616	0	0	"5-35955857-A-C"	TRUE	"Exon 6"
5	35955865	"rs754372841"	"C"	"T"	"gnomAD Exomes"	"PASS"	NA	"ENST00000274278.3"	"p.Asp393Asn"	"p.Asp393Asn"	"c.1177G>A"	"missense_variant"	""	NA	""	1	251486	3.97636448947456e-06	0	0	0	16256	0	0	0	34592	0	0	0	10080	0	0	0	18394	0	0	0	21648	0	0	1	113760	0	0	0	6140	0	0	0	30616	0	0	"5-35955865-C-T"	TRUE	"Exon 6"
5	35955870	"rs1314631916"	"T"	"C"	"gnomAD Exomes"	"PASS"	NA	"ENST00000274278.3"	"p.Asn391Ser"	"p.Asn391Ser"	"c.1172A>G"	"missense_variant"	""	NA	""	1	251488	3.97633286677694e-06	0	0	0	16256	0	0	0	34592	0	0	0	10080	0	0	0	18394	0	0	0	21648	0	0	0	113762	0	0	0	6140	0	0	1	30616	0	0	"5-35955870-T-C"	TRUE	"Exon 6"
5	35955877	"rs1230121118"	"G"	"A"	"gnomAD Exomes"	"PASS"	NA	"ENST00000274278.3"	"p.Pro389Ser"	"p.Pro389Ser"	"c.1165C>T"	"missense_variant"	""	NA	""	1	251480	3.97645936058533e-06	0	0	0	16256	0	0	0	34592	0	0	0	10080	0	0	0	18394	0	0	0	21648	0	0	1	113754	0	0	0	6140	0	0	0	30616	0	0	"5-35955877-G-A"	TRUE	"Exon 6"
5	35955887	"rs1343897219"	"C"	"T"	"gnomAD Genomes"	NA	"PASS"	"ENST00000274278.3"	"p.Met385Ile"	"p.Met385Ile"	"c.1155G>A"	"missense_variant"	""	NA	""	1	31398	3.18491623670297e-05	0	0	0	8706	0	0	0	848	0	0	0	290	0	0	0	1560	0	0	0	3476	0	0	1	15430	0	0	0	1088	0	0	0	0	0	0	"5-35955887-C-T"	TRUE	"Exon 6"
5	35955888	"rs1446926882"	"A"	"G"	"gnomAD Exomes"	"PASS"	NA	"ENST00000274278.3"	"p.Met385Thr"	"p.Met385Thr"	"c.1154T>C"	"missense_variant"	""	NA	""	1	251488	3.97633286677694e-06	0	0	0	16256	0	0	0	34592	0	0	0	10080	0	0	0	18394	0	0	0	21648	0	0	0	113762	0	0	0	6140	0	0	1	30616	0	0	"5-35955888-A-G"	TRUE	"Exon 6"
5	35955889	"rs780906291"	"T"	"C"	"gnomAD Exomes"	"PASS"	NA	"ENST00000274278.3"	"p.Met385Val"	"p.Met385Val"	"c.1153A>G"	"missense_variant"	""	NA	""	1	251486	3.97636448947456e-06	0	0	0	16256	0	0	0	34592	0	0	0	10080	0	0	0	18394	0	0	0	21648	0	0	1	113760	0	0	0	6140	0	0	0	30616	0	0	"5-35955889-T-C"	TRUE	"Exon 6"
5	35955891	"rs1250226923"	"G"	"A"	"gnomAD Exomes"	"PASS"	NA	"ENST00000274278.3"	"p.Pro384Leu"	"p.Pro384Leu"	"c.1151C>T"	"missense_variant"	""	NA	""	1	251476	3.97652261050756e-06	0	0	0	16256	0	0	0	34592	0	0	0	10080	0	0	0	18394	0	0	0	21646	0	0	1	113754	0	0	0	6140	0	0	0	30614	0	0	"5-35955891-G-A"	TRUE	"Exon 6"
5	35955895	"rs183549396"	"C"	"A"	"gnomAD Exomes"	"PASS"	NA	"ENST00000274278.3"	"p.Val383Leu"	"p.Val383Leu"	"c.1147G>T"	"missense_variant"	""	NA	""	93	251486	0.000369801897521134	3	0	0	16256	0	0	10	34592	1	0	0	10080	0	0	1	18394	0	0	0	21648	0	0	12	113760	0	0	1	6140	0	0	69	30616	2	0	"5-35955895-C-A"	TRUE	"Exon 6"
5	35955897	"rs780025698"	"C"	"T"	"gnomAD Exomes"	"PASS"	NA	"ENST00000274278.3"	"p.Gly382Asp"	"p.Gly382Asp"	"c.1145G>A"	"missense_variant"	""	NA	""	4	251484	1.59055844507006e-05	0	0	0	16256	0	0	0	34592	0	0	0	10080	0	0	4	18394	0	0	0	21648	0	0	0	113758	0	0	0	6140	0	0	0	30616	0	0	"5-35955897-C-T"	TRUE	"Exon 6"
5	35955898	"rs762872593"	"C"	"G"	"gnomAD Exomes"	"PASS"	NA	"ENST00000274278.3"	"p.Gly382Arg"	"p.Gly382Arg"	"c.1144G>C"	"missense_variant"	""	NA	""	1	251484	3.97639611267516e-06	0	0	0	16256	0	0	0	34592	0	0	0	10080	0	0	0	18394	0	0	0	21646	0	0	0	113760	0	0	0	6140	0	0	1	30616	0	0	"5-35955898-C-G"	TRUE	"Exon 6"
5	35955898	"rs762872593"	"C"	"T"	"gnomAD Exomes,gnomAD Genomes"	"PASS"	"PASS"	"ENST00000274278.3"	"p.Gly382Ser"	"p.Gly382Ser"	"c.1144G>A"	"missense_variant"	"Uncertain significance"	2406610	""	7	282880	2.47454751131222e-05	0	0	0	24960	0	0	0	35440	0	0	0	10370	0	0	0	19954	0	0	0	25122	0	0	7	129190	0	0	0	7228	0	0	0	30616	0	0	"5-35955898-C-T"	TRUE	"Exon 6"
5	35955903	"rs375679556"	"C"	"T"	"gnomAD Exomes,gnomAD Genomes"	"PASS"	"PASS"	"ENST00000274278.3"	"p.Arg380His"	"p.Arg380His"	"c.1139G>A"	"missense_variant"	""	NA	""	13	282870	4.59575069820059e-05	0	0	2	24962	0	0	1	35440	0	0	0	10370	0	0	3	19950	0	0	0	25124	0	0	7	129180	0	0	0	7228	0	0	0	30616	0	0	"5-35955903-C-T"	TRUE	"Exon 6"
5	35955904	"rs201810712"	"G"	"A"	"gnomAD Exomes"	"PASS"	NA	"ENST00000274278.3"	"p.Arg380Cys"	"p.Arg380Cys"	"c.1138C>T"	"missense_variant"	""	NA	""	1	251468	3.97664911638857e-06	0	0	0	16256	0	0	0	34590	0	0	0	10080	0	0	0	18394	0	0	0	21646	0	0	1	113748	0	0	0	6140	0	0	0	30614	0	0	"5-35955904-G-A"	TRUE	"Exon 6"
5	35955909	"rs1159826274"	"G"	"A"	"gnomAD Exomes"	"PASS"	NA	"ENST00000274278.3"	"p.Ala378Val"	"p.Ala378Val"	"c.1133C>T"	"missense_variant"	""	NA	""	1	251472	3.97658586244194e-06	0	0	0	16256	0	0	1	34592	0	0	0	10080	0	0	0	18394	0	0	0	21646	0	0	0	113748	0	0	0	6140	0	0	0	30616	0	0	"5-35955909-G-A"	TRUE	"Exon 6"
5	35955919	"rs772440877"	"C"	"T"	"gnomAD Exomes,gnomAD Genomes"	"PASS"	"PASS"	"ENST00000274278.3"	"p.Val375Ile"	"p.Val375Ile"	"c.1123G>A"	"missense_variant"	""	NA	""	11	282872	3.88868463474646e-05	0	0	1	24966	0	0	2	35438	0	0	0	10370	0	0	0	19954	0	0	0	25122	0	0	6	129182	0	0	1	7226	0	0	1	30614	0	0	"5-35955919-C-T"	TRUE	"Exon 6"
5	35955936	"rs1341268898"	"T"	"C"	"gnomAD Exomes"	"PASS"	NA	"ENST00000274278.3"	"p.His369Arg"	"p.His369Arg"	"c.1106A>G"	"missense_variant"	""	NA	""	1	251432	3.9772184924751e-06	0	0	0	16256	0	0	1	34580	0	0	0	10080	0	0	0	18394	0	0	0	21646	0	0	0	113728	0	0	0	6132	0	0	0	30616	0	0	"5-35955936-T-C"	TRUE	"Exon 6"
5	35955937	"rs766910396"	"G"	"A"	"gnomAD Exomes,gnomAD Genomes"	"PASS"	"PASS"	"ENST00000274278.3"	"p.His369Tyr"	"p.His369Tyr"	"c.1105C>T"	"missense_variant"	""	NA	""	11	282800	3.88967468175389e-05	0	0	0	24966	0	0	2	35426	0	0	0	10370	0	0	0	19952	0	0	0	25110	0	0	9	129142	0	0	0	7220	0	0	0	30614	0	0	"5-35955937-G-A"	TRUE	"Exon 6"
5	35955949	"rs754349872"	"G"	"T"	"gnomAD Exomes"	"PASS"	NA	"ENST00000274278.3"	"p.Leu365Ile"	"p.Leu365Ile"	"c.1093C>A"	"missense_variant"	""	NA	""	2	251366	7.95652554442526e-06	0	0	0	16254	0	0	0	34566	0	0	0	10078	0	0	0	18394	0	0	0	21636	0	0	1	113696	0	0	0	6132	0	0	1	30610	0	0	"5-35955949-G-T"	TRUE	"Exon 6"
5	35955951	"rs149057248"	"C"	"T"	"gnomAD Exomes,gnomAD Genomes"	"PASS"	"PASS"	"ENST00000274278.3"	"p.Arg364His"	"p.Arg364His"	"c.1091G>A"	"missense_variant"	""	NA	""	57	282740	0.000201598641861781	2	0	46	24966	2	0	3	35414	0	0	0	10368	0	0	1	19954	0	0	0	25114	0	0	5	129092	0	0	0	7218	0	0	2	30614	0	0	"5-35955951-C-T"	TRUE	"Exon 6"
5	35955952	"rs554821154"	"G"	"T"	"gnomAD Exomes"	"PASS"	NA	"ENST00000274278.3"	"p.Arg364Ser"	"p.Arg364Ser"	"c.1090C>A"	"missense_variant"	""	NA	""	1	251342	3.9786426462748e-06	0	0	0	16256	0	0	0	34566	0	0	0	10078	0	0	0	18394	0	0	0	21634	0	0	1	113678	0	0	0	6130	0	0	0	30606	0	0	"5-35955952-G-T"	TRUE	"Exon 6"
5	35955952	"rs554821154"	"G"	"A"	"gnomAD Exomes,gnomAD Genomes"	"PASS"	"PASS"	"ENST00000274278.3"	"p.Arg364Cys"	"p.Arg364Cys"	"c.1090C>T"	"missense_variant"	""	NA	""	5	282748	1.76835910422001e-05	0	0	0	24972	0	0	0	35414	0	0	0	10368	0	0	1	19954	0	0	0	25110	0	0	0	129106	0	0	0	7218	0	0	4	30606	0	0	"5-35955952-G-A"	TRUE	"Exon 6"
5	35955955	"rs756835981"	"T"	"C"	"gnomAD Exomes"	"PASS"	NA	"ENST00000274278.3"	"p.Ile363Val"	"p.Ile363Val"	"c.1087A>G"	"missense_variant"	""	NA	""	1	251348	3.97854767095819e-06	0	0	0	16256	0	0	1	34564	0	0	0	10078	0	0	0	18394	0	0	0	21634	0	0	0	113686	0	0	0	6130	0	0	0	30606	0	0	"5-35955955-T-C"	TRUE	"Exon 6"
5	35955960	"rs1257352638"	"G"	"T"	"gnomAD Exomes"	"PASS"	NA	"ENST00000274278.3"	"p.Pro361His"	"p.Pro361His"	"c.1082C>A"	"missense_variant"	""	NA	""	1	251234	3.98035297770206e-06	0	0	0	16250	0	0	0	34564	0	0	0	10076	0	0	0	18394	0	0	0	21622	0	0	1	113592	0	0	0	6128	0	0	0	30608	0	0	"5-35955960-G-T"	TRUE	"Exon 6"
5	35955961	"rs780814300"	"G"	"C"	"gnomAD Exomes"	"PASS"	NA	"ENST00000274278.3"	"p.Pro361Ala"	"p.Pro361Ala"	"c.1081C>G"	"missense_variant"	""	NA	""	2	251170	7.96273440299399e-06	0	0	0	16248	0	0	0	34564	0	0	0	10076	0	0	0	18394	0	0	0	21626	0	0	2	113524	0	0	0	6130	0	0	0	30608	0	0	"5-35955961-G-C"	TRUE	"Exon 6"
5	35955961	"rs780814300"	"G"	"T"	"gnomAD Exomes"	"PASS"	NA	"ENST00000274278.3"	"p.Pro361Thr"	"p.Pro361Thr"	"c.1081C>A"	"missense_variant"	""	NA	""	1	251170	3.98136720149699e-06	0	0	0	16248	0	0	0	34564	0	0	0	10076	0	0	1	18394	0	0	0	21626	0	0	0	113524	0	0	0	6130	0	0	0	30608	0	0	"5-35955961-G-T"	TRUE	"Exon 6"
5	35955961	"rs780814300"	"G"	"A"	"gnomAD Exomes"	"PASS"	NA	"ENST00000274278.3"	"p.Pro361Ser"	"p.Pro361Ser"	"c.1081C>T"	"missense_variant"	""	NA	""	1	251170	3.98136720149699e-06	0	0	0	16248	0	0	0	34564	0	0	0	10076	0	0	0	18394	0	0	0	21626	0	0	0	113524	0	0	0	6130	0	0	1	30608	0	0	"5-35955961-G-A"	TRUE	"Exon 6"
5	35955964	"rs1189255786"	"G"	"A"	"gnomAD Exomes"	"PASS"	NA	"ENST00000274278.3"	"p.His360Tyr"	"p.His360Tyr"	"c.1078C>T"	"missense_variant"	""	NA	""	1	251140	3.98184279684638e-06	0	0	0	16242	0	0	0	34564	0	0	0	10074	0	0	0	18394	0	0	0	21620	0	0	0	113510	0	0	0	6128	0	0	1	30608	0	0	"5-35955964-G-A"	TRUE	"Exon 6"
5	35957290	"rs767060972"	"C"	"T"	"gnomAD Exomes"	"PASS"	NA	"ENST00000274278.3"	"p.Ala359Thr"	"p.Ala359Thr"	"c.1075G>A"	"missense_variant"	""	NA	""	4	251260	1.59197643874871e-05	0	0	0	16252	0	0	0	34576	0	0	0	10068	0	0	0	18394	0	0	0	21618	0	0	0	113632	0	0	0	6126	0	0	4	30594	0	0	"5-35957290-C-T"	TRUE	"Exon 5"
5	35957298	"rs550763740"	"T"	"A"	"gnomAD Exomes"	"PASS"	NA	"ENST00000274278.3"	"p.Asp356Val"	"p.Asp356Val"	"c.1067A>T"	"missense_variant"	""	NA	""	157	251356	0.000624612103948185	2	0	0	16254	0	0	0	34578	0	0	0	10076	0	0	0	18394	0	0	0	21634	0	0	0	113682	0	0	3	6132	0	0	154	30606	2	0	"5-35957298-T-A"	TRUE	"Exon 5"
5	35957300	"rs779852040"	"A"	"T"	"gnomAD Exomes,gnomAD Genomes"	"PASS"	"PASS"	"ENST00000274278.3"	"p.Ser355Arg"	"p.Ser355Arg"	"c.1065T>A"	"missense_variant"	""	NA	""	6	282760	2.12194086858113e-05	0	0	0	24966	0	0	0	35428	0	0	0	10364	0	0	4	19948	0	0	0	25112	0	0	2	129118	0	0	0	7216	0	0	0	30608	0	0	"5-35957300-A-T"	TRUE	"Exon 5"
5	35957317	"rs753593549"	"C"	"T"	"gnomAD Exomes"	"PASS"	NA	"ENST00000274278.3"	"p.Asp350Asn"	"p.Asp350Asn"	"c.1048G>A"	"missense_variant"	""	NA	""	3	251420	1.19322249622146e-05	0	0	0	16254	0	0	0	34580	0	0	0	10078	0	0	0	18394	0	0	0	21644	0	0	0	113722	0	0	0	6136	0	0	3	30612	0	0	"5-35957317-C-T"	TRUE	"Exon 5"
5	35957319	"rs1404811926"	"A"	"T"	"gnomAD Exomes"	"PASS"	NA	"ENST00000274278.3"	"p.Val349Glu"	"p.Val349Glu"	"c.1046T>A"	"missense_variant"	""	NA	""	1	251426	3.97731340434164e-06	0	0	1	16254	0	0	0	34580	0	0	0	10078	0	0	0	18394	0	0	0	21644	0	0	0	113728	0	0	0	6136	0	0	0	30612	0	0	"5-35957319-A-T"	TRUE	"Exon 5"
5	35957322	"rs141884785"	"A"	"G"	"gnomAD Exomes,gnomAD Genomes"	"PASS"	"PASS"	"ENST00000274278.3"	"p.Ile348Thr"	"p.Ile348Thr"	"c.1043T>C"	"missense_variant"	""	NA	""	602	282820	0.00212856233646842	6	0	0	24962	0	0	7	35432	0	0	0	10366	0	0	1	19948	0	0	423	25118	6	0	149	129158	0	0	21	7224	0	0	1	30612	0	0	"5-35957322-A-G"	TRUE	"Exon 5"
5	35957331	"rs539496316"	"T"	"C"	"gnomAD Exomes"	"PASS"	NA	"ENST00000274278.3"	"p.Asn345Ser"	"p.Asn345Ser"	"c.1034A>G"	"missense_variant"	""	NA	""	2	251448	7.95393083261748e-06	0	0	0	16254	0	0	1	34586	0	0	0	10080	0	0	0	18394	0	0	0	21646	0	0	1	113740	0	0	0	6136	0	0	0	30612	0	0	"5-35957331-T-C"	TRUE	"Exon 5"
5	35957338	""	"C"	"T"	"gnomAD Exomes"	"PASS"	NA	"ENST00000274278.3"	"p.Ala343Thr"	"p.Ala343Thr"	"c.1027G>A"	"missense_variant"	""	NA	""	1	251446	3.97699704906819e-06	0	0	0	16254	0	0	0	34586	0	0	0	10078	0	0	0	18394	0	0	0	21646	0	0	1	113740	0	0	0	6136	0	0	0	30612	0	0	"5-35957338-C-T"	TRUE	"Exon 5"
5	35957339	"rs146276706"	"C"	"A"	"gnomAD Exomes,gnomAD Genomes"	"PASS"	"PASS"	"ENST00000274278.3"	"p.Leu342Phe"	"p.Leu342Phe"	"c.1026G>T"	"missense_variant"	""	NA	""	26	282848	9.19221631406268e-05	0	0	22	24962	0	0	3	35436	0	0	0	10370	0	0	0	19950	0	0	0	25120	0	0	0	129174	0	0	1	7224	0	0	0	30612	0	0	"5-35957339-C-A"	TRUE	"Exon 5"
5	35957340	"rs758531689"	"A"	"C"	"gnomAD Exomes"	"PASS"	NA	"ENST00000274278.3"	"p.Leu342Trp"	"p.Leu342Trp"	"c.1025T>G"	"missense_variant"	""	NA	""	1	251450	3.9769337840525e-06	0	0	0	16254	0	0	0	34588	0	0	0	10078	0	0	0	18394	0	0	0	21646	0	0	0	113742	0	0	0	6136	0	0	1	30612	0	0	"5-35957340-A-C"	TRUE	"Exon 5"
5	35957343	"rs778041039"	"T"	"A"	"gnomAD Exomes"	"PASS"	NA	"ENST00000274278.3"	"p.His341Leu"	"p.His341Leu"	"c.1022A>T"	"missense_variant"	""	NA	""	1	251448	3.97696541630874e-06	0	0	0	16254	0	0	1	34586	0	0	0	10080	0	0	0	18394	0	0	0	21646	0	0	0	113740	0	0	0	6136	0	0	0	30612	0	0	"5-35957343-T-A"	TRUE	"Exon 5"
5	35957347	"rs747178148"	"C"	"A"	"gnomAD Exomes"	"PASS"	NA	"ENST00000274278.3"	"p.Val340Phe"	"p.Val340Phe"	"c.1018G>T"	"missense_variant"	"Uncertain significance"	2270941	""	1	251446	3.97699704906819e-06	0	0	0	16254	0	0	0	34586	0	0	0	10080	0	0	0	18394	0	0	0	21646	0	0	0	113738	0	0	0	6136	0	0	1	30612	0	0	"5-35957347-C-A"	TRUE	"Exon 5"
5	35957349	""	"T"	"C"	"gnomAD Exomes"	"PASS"	NA	"ENST00000274278.3"	"p.Asp339Gly"	"p.Asp339Gly"	"c.1016A>G"	"missense_variant"	""	NA	""	1	251452	3.97690215229944e-06	0	0	0	16254	0	0	0	34588	0	0	0	10080	0	0	0	18394	0	0	0	21646	0	0	1	113738	0	0	0	6138	0	0	0	30614	0	0	"5-35957349-T-C"	TRUE	"Exon 5"
5	35957350	"rs377569754"	"C"	"G"	"gnomAD Exomes"	"PASS"	NA	"ENST00000274278.3"	"p.Asp339His"	"p.Asp339His"	"c.1015G>C"	"missense_variant"	""	NA	""	2	251450	7.95386756810499e-06	0	0	2	16254	0	0	0	34586	0	0	0	10080	0	0	0	18394	0	0	0	21646	0	0	0	113738	0	0	0	6138	0	0	0	30614	0	0	"5-35957350-C-G"	TRUE	"Exon 5"
5	35957353	"rs776987720"	"T"	"C"	"gnomAD Exomes"	"PASS"	NA	"ENST00000274278.3"	"p.Arg338Gly"	"p.Arg338Gly"	"c.1012A>G"	"missense_variant"	""	NA	""	1	251450	3.9769337840525e-06	0	0	0	16256	0	0	0	34586	0	0	0	10080	0	0	0	18394	0	0	0	21646	0	0	0	113736	0	0	0	6138	0	0	1	30614	0	0	"5-35957353-T-C"	TRUE	"Exon 5"
5	35957374	"rs1190723362"	"A"	"G"	"gnomAD Exomes"	"PASS"	NA	"ENST00000274278.3"	"p.Cys331Arg"	"p.Cys331Arg"	"c.991T>C"	"missense_variant"	""	NA	""	1	251452	3.97690215229944e-06	0	0	0	16254	0	0	0	34590	0	0	0	10078	0	0	1	18394	0	0	0	21646	0	0	0	113738	0	0	0	6138	0	0	0	30614	0	0	"5-35957374-A-G"	TRUE	"Exon 5"
5	35957386	"rs766971238"	"C"	"T"	"gnomAD Exomes,gnomAD Genomes"	"PASS"	"PASS"	"ENST00000274278.3"	"p.Val327Met"	"p.Val327Met"	"c.979G>A"	"missense_variant"	""	NA	""	15	282824	5.30365174101208e-05	0	0	0	24966	0	0	0	35436	0	0	0	10368	0	0	14	19954	0	0	0	25122	0	0	0	129142	0	0	0	7226	0	0	1	30610	0	0	"5-35957386-C-T"	TRUE	"Exon 5"
5	35957386	"rs766971238"	"C"	"G"	"gnomAD Exomes"	"PASS"	NA	"ENST00000274278.3"	"p.Val327Leu"	"p.Val327Leu"	"c.979G>C"	"missense_variant"	""	NA	""	2	251436	7.95431044082788e-06	0	0	0	16256	0	0	0	34588	0	0	0	10078	0	0	0	18394	0	0	0	21646	0	0	2	113726	0	0	0	6138	0	0	0	30610	0	0	"5-35957386-C-G"	TRUE	"Exon 5"
5	35957389	"rs760265410"	"C"	"T"	"gnomAD Exomes"	"PASS"	NA	"ENST00000274278.3"	"p.Gly326Arg"	"p.Gly326Arg"	"c.976G>A"	"missense_variant"	""	NA	""	3	251432	1.19316554774253e-05	0	0	0	16256	0	0	0	34584	0	0	0	10078	0	0	0	18394	0	0	0	21648	0	0	0	113724	0	0	0	6136	0	0	3	30612	0	0	"5-35957389-C-T"	TRUE	"Exon 5"
5	35957391	"rs765956800"	"T"	"C"	"gnomAD Exomes"	"PASS"	NA	"ENST00000274278.3"	"p.Gln325Arg"	"p.Gln325Arg"	"c.974A>G"	"missense_variant"	""	NA	""	1	251448	3.97696541630874e-06	0	0	0	16256	0	0	0	34586	0	0	0	10080	0	0	0	18394	0	0	0	21648	0	0	1	113730	0	0	0	6140	0	0	0	30614	0	0	"5-35957391-T-C"	TRUE	"Exon 5"
5	35957394	"rs754716308"	"G"	"A"	"gnomAD Exomes"	"PASS"	NA	"ENST00000274278.3"	"p.Pro324Leu"	"p.Pro324Leu"	"c.971C>T"	"missense_variant"	""	NA	""	1	251442	3.97706031609675e-06	0	0	0	16256	0	0	0	34584	0	0	0	10078	0	0	1	18394	0	0	0	21648	0	0	0	113730	0	0	0	6140	0	0	0	30612	0	0	"5-35957394-G-A"	TRUE	"Exon 5"
5	35957400	"rs1393487723"	"T"	"G"	"gnomAD Exomes"	"PASS"	NA	"ENST00000274278.3"	"p.His322Pro"	"p.His322Pro"	"c.965A>C"	"missense_variant"	""	NA	""	1	251454	3.97687052104958e-06	0	0	0	16256	0	0	0	34590	0	0	0	10078	0	0	0	18394	0	0	0	21648	0	0	1	113736	0	0	0	6140	0	0	0	30612	0	0	"5-35957400-T-G"	TRUE	"Exon 5"
5	35957413	"rs1366397660"	"T"	"G"	"gnomAD Exomes"	"PASS"	NA	"ENST00000274278.3"	"p.Asn318His"	"p.Asn318His"	"c.952A>C"	"missense_variant"	""	NA	""	1	251458	3.97680726005933e-06	0	0	0	16256	0	0	0	34586	0	0	0	10080	0	0	0	18394	0	0	0	21648	0	0	1	113744	0	0	0	6140	0	0	0	30610	0	0	"5-35957413-T-G"	TRUE	"Exon 5"
5	35957414	"rs758431199"	"G"	"T"	"gnomAD Exomes"	"PASS"	NA	"ENST00000274278.3"	"p.His317Gln"	"p.His317Gln"	"c.951C>A"	"missense_variant"	""	NA	""	1	251462	3.97674400108167e-06	0	0	0	16256	0	0	0	34584	0	0	0	10080	0	0	0	18394	0	0	0	21648	0	0	1	113748	0	0	0	6140	0	0	0	30612	0	0	"5-35957414-G-T"	TRUE	"Exon 5"
5	35957416	"rs777941648"	"G"	"T"	"gnomAD Exomes"	"PASS"	NA	"ENST00000274278.3"	"p.His317Asn"	"p.His317Asn"	"c.949C>A"	"missense_variant"	""	NA	""	1	251460	3.97677563031894e-06	0	0	0	16254	0	0	0	34586	0	0	0	10078	0	0	0	18394	0	0	0	21648	0	0	0	113748	0	0	0	6140	0	0	1	30612	0	0	"5-35957416-G-T"	TRUE	"Exon 5"
5	35957416	"rs777941648"	"G"	"A"	"gnomAD Exomes"	"PASS"	NA	"ENST00000274278.3"	"p.His317Tyr"	"p.His317Tyr"	"c.949C>T"	"missense_variant"	""	NA	""	1	251460	3.97677563031894e-06	0	0	0	16254	0	0	0	34586	0	0	0	10078	0	0	0	18394	0	0	0	21648	0	0	0	113748	0	0	0	6140	0	0	1	30612	0	0	"5-35957416-G-A"	TRUE	"Exon 5"
5	35957419	"rs747090059"	"T"	"C"	"gnomAD Exomes"	"PASS"	NA	"ENST00000274278.3"	"p.Met316Val"	"p.Met316Val"	"c.946A>G"	"missense_variant"	""	NA	""	1	251462	3.97674400108167e-06	0	0	0	16256	0	0	0	34584	0	0	0	10078	0	0	0	18394	0	0	0	21646	0	0	1	113750	0	0	0	6140	0	0	0	30614	0	0	"5-35957419-T-C"	TRUE	"Exon 5"
5	35957423	"rs535671200"	"C"	"G"	"gnomAD Exomes"	"PASS"	NA	"ENST00000274278.3"	"p.Lys314Asn"	"p.Lys314Asn"	"c.942G>C"	"missense_variant"	"Uncertain significance"	2340945	""	5	251466	1.98834037205825e-05	0	0	1	16256	0	0	0	34588	0	0	0	10078	0	0	0	18394	0	0	0	21648	0	0	4	113748	0	0	0	6140	0	0	0	30614	0	0	"5-35957423-C-G"	TRUE	"Exon 5"
5	35957428	"rs781253250"	"G"	"C"	"gnomAD Exomes"	"PASS"	NA	"ENST00000274278.3"	"p.Leu313Val"	"p.Leu313Val"	"c.937C>G"	"missense_variant"	""	NA	""	1	251466	3.9766807441165e-06	0	0	0	16256	0	0	0	34586	0	0	0	10080	0	0	0	18394	0	0	0	21648	0	0	1	113752	0	0	0	6136	0	0	0	30614	0	0	"5-35957428-G-C"	TRUE	"Exon 5"
5	35957436	"rs746146660"	"T"	"C"	"gnomAD Exomes"	"PASS"	NA	"ENST00000274278.3"	"p.Gln310Arg"	"p.Gln310Arg"	"c.929A>G"	"missense_variant"	""	NA	""	1	251468	3.97664911638857e-06	0	0	0	16256	0	0	0	34584	0	0	0	10080	0	0	0	18394	0	0	0	21648	0	0	0	113758	0	0	0	6138	0	0	1	30610	0	0	"5-35957436-T-C"	TRUE	"Exon 5"
5	35957439	"rs1247117380"	"G"	"A"	"gnomAD Exomes"	"PASS"	NA	"ENST00000274278.3"	"p.Ser309Phe"	"p.Ser309Phe"	"c.926C>T"	"missense_variant"	""	NA	""	1	251470	3.97661748916372e-06	0	0	0	16256	0	0	0	34584	0	0	0	10080	0	0	0	18394	0	0	0	21648	0	0	1	113756	0	0	0	6138	0	0	0	30614	0	0	"5-35957439-G-A"	TRUE	"Exon 5"
5	35957440	"rs1465183678"	"A"	"G"	"gnomAD Exomes"	"PASS"	NA	"ENST00000274278.3"	"p.Ser309Pro"	"p.Ser309Pro"	"c.925T>C"	"missense_variant"	""	NA	""	1	251472	3.97658586244194e-06	0	0	0	16256	0	0	0	34584	0	0	0	10080	0	0	0	18394	0	0	1	21648	0	0	0	113758	0	0	0	6138	0	0	0	30614	0	0	"5-35957440-A-G"	TRUE	"Exon 5"
5	35957443	"rs1190707099"	"G"	"C"	"gnomAD Exomes"	"PASS"	NA	"ENST00000274278.3"	"p.Gln308Glu"	"p.Gln308Glu"	"c.922C>G"	"missense_variant"	""	NA	""	1	251468	3.97664911638857e-06	0	0	0	16256	0	0	0	34584	0	0	0	10080	0	0	0	18394	0	0	0	21648	0	0	0	113754	0	0	0	6138	0	0	1	30614	0	0	"5-35957443-G-C"	TRUE	"Exon 5"
5	35957454	"rs749748977"	"A"	"C"	"gnomAD Exomes"	"PASS"	NA	"ENST00000274278.3"	"p.Leu304Trp"	"p.Leu304Trp"	"c.911T>G"	"missense_variant"	""	NA	""	1	251454	3.97687052104958e-06	0	0	0	16256	0	0	0	34586	0	0	0	10080	0	0	0	18392	0	0	0	21648	0	0	1	113746	0	0	0	6136	0	0	0	30610	0	0	"5-35957454-A-C"	TRUE	"Exon 5"
5	35957458	"rs769167587"	"T"	"C"	"gnomAD Exomes"	"PASS"	NA	"ENST00000274278.3"	"p.Met303Val"	"p.Met303Val"	"c.907A>G"	"missense_variant"	""	NA	""	1	251454	3.97687052104958e-06	0	0	0	16256	0	0	0	34586	0	0	0	10080	0	0	0	18394	0	0	0	21648	0	0	0	113742	0	0	0	6136	0	0	1	30612	0	0	"5-35957458-T-C"	TRUE	"Exon 5"
5	35957464	"rs765971853"	"C"	"A"	"gnomAD Exomes"	"PASS"	NA	"ENST00000274278.3"	"p.Gly301Cys"	"p.Gly301Cys"	"c.901G>T"	"missense_variant"	""	NA	""	6	251430	2.38635007755638e-05	0	0	0	16252	0	0	0	34584	0	0	0	10080	0	0	0	18394	0	0	0	21646	0	0	0	113732	0	0	0	6136	0	0	6	30606	0	0	"5-35957464-C-A"	TRUE	"Exon 5"
5	35957479	"rs765086173"	"C"	"A"	"gnomAD Exomes"	"PASS"	NA	"ENST00000274278.3"	"p.Val296Phe"	"p.Val296Phe"	"c.886G>T"	"missense_variant"	""	NA	""	1	251352	3.97848435659951e-06	0	0	0	16254	0	0	0	34564	0	0	0	10078	0	0	0	18394	0	0	0	21640	0	0	1	113690	0	0	0	6130	0	0	0	30602	0	0	"5-35957479-C-A"	TRUE	"Exon 5"
5	35957485	"rs752552180"	"C"	"G"	"gnomAD Exomes"	"PASS"	NA	"ENST00000274278.3"	"p.Gly294Arg"	"p.Gly294Arg"	"c.880G>C"	"missense_variant"	""	NA	""	5	251286	1.98976465063712e-05	0	0	0	16252	0	0	0	34562	0	0	0	10076	0	0	0	18394	0	0	1	21632	0	0	4	113654	0	0	0	6130	0	0	0	30586	0	0	"5-35957485-C-G"	TRUE	"Exon 5"
5	35957487	"rs189370017"	"G"	"A"	"gnomAD Exomes,gnomAD Genomes"	"PASS"	"PASS"	"ENST00000274278.3"	"p.Ala293Val"	"p.Ala293Val"	"c.878C>T"	"missense_variant"	""	NA	""	13	282680	4.59883967737371e-05	0	0	10	24954	0	0	3	35400	0	0	0	10364	0	0	0	19952	0	0	0	25106	0	0	0	129092	0	0	0	7218	0	0	0	30594	0	0	"5-35957487-G-A"	TRUE	"Exon 5"
5	35957494	"rs577395659"	"C"	"T"	"gnomAD Exomes"	"PASS"	NA	"ENST00000274278.3"	"p.Gly291Arg"	"p.Gly291Arg"	"c.871G>A"	"missense_variant"	""	NA	""	2	251158	7.96311485200551e-06	0	0	0	16252	0	0	0	34544	0	0	0	10068	0	0	0	18392	0	0	0	21616	0	0	0	113590	0	0	0	6130	0	0	2	30566	0	0	"5-35957494-C-T"	TRUE	"Exon 5"
5	35957498	"rs757258359"	"G"	"T"	"gnomAD Exomes"	"PASS"	NA	"ENST00000274278.3"	"p.Asn289Lys"	"p.Asn289Lys"	"c.867C>A"	"missense_variant"	""	NA	""	1	251156	3.98158913185431e-06	0	0	0	16248	0	0	0	34546	0	0	0	10070	0	0	0	18390	0	0	0	21626	0	0	1	113576	0	0	0	6130	0	0	0	30570	0	0	"5-35957498-G-T"	TRUE	"Exon 5"
5	35957500	"rs750567690"	"T"	"C"	"gnomAD Exomes"	"PASS"	NA	"ENST00000274278.3"	"p.Asn289Asp"	"p.Asn289Asp"	"c.865A>G"	"missense_variant"	""	NA	""	2	251130	7.96400270776092e-06	0	0	0	16248	0	0	2	34538	0	0	0	10074	0	0	0	18390	0	0	0	21624	0	0	0	113568	0	0	0	6126	0	0	0	30562	0	0	"5-35957500-T-C"	TRUE	"Exon 5"
5	35957504	"rs1267459026"	"A"	"C"	"gnomAD Exomes"	"PASS"	NA	"ENST00000274278.3"	"p.Ile287Met"	"p.Ile287Met"	"c.861T>G"	"missense_variant"	""	NA	""	1	251074	3.98288950667931e-06	0	0	0	16244	0	0	0	34534	0	0	0	10068	0	0	0	18390	0	0	0	21622	0	0	0	113544	0	0	0	6128	0	0	1	30544	0	0	"5-35957504-A-C"	TRUE	"Exon 5"
5	35957505	"rs1439150655"	"A"	"G"	"gnomAD Genomes"	NA	"PASS"	"ENST00000274278.3"	"p.Ile287Thr"	"p.Ile287Thr"	"c.860T>C"	"missense_variant"	""	NA	""	1	31396	3.18511912345522e-05	0	0	1	8706	0	0	0	848	0	0	0	290	0	0	0	1558	0	0	0	3476	0	0	0	15430	0	0	0	1088	0	0	0	0	0	0	"5-35957505-A-G"	TRUE	"Exon 5"
5	35957507	"rs756379489"	"G"	"T"	"gnomAD Exomes"	"PASS"	NA	"ENST00000274278.3"	"p.Phe286Leu"	"p.Phe286Leu"	"c.858C>A"	"missense_variant"	""	NA	""	1	250988	3.98425422729374e-06	0	0	0	16240	0	0	0	34530	0	0	0	10068	0	0	0	18388	0	0	0	21616	0	0	0	113492	0	0	0	6122	0	0	1	30532	0	0	"5-35957507-G-T"	TRUE	"Exon 5"
5	35957508	"rs780341815"	"A"	"G"	"gnomAD Exomes"	"PASS"	NA	"ENST00000274278.3"	"p.Phe286Ser"	"p.Phe286Ser"	"c.857T>C"	"missense_variant"	""	NA	""	1	250958	3.98473051267543e-06	0	0	0	16232	0	0	0	34530	0	0	0	10070	0	0	0	18388	0	0	0	21620	0	0	1	113476	0	0	0	6122	0	0	0	30520	0	0	"5-35957508-A-G"	TRUE	"Exon 5"
5	35957513	"rs370782310"	"G"	"T"	"gnomAD Exomes"	"PASS"	NA	"ENST00000274278.3"	"p.Asp284Glu"	"p.Asp284Glu"	"c.852C>A"	"missense_variant"	""	NA	""	1	250796	3.98730442271807e-06	0	0	0	16228	0	0	0	34526	0	0	0	10062	0	0	0	18378	0	0	0	21610	0	0	1	113384	0	0	0	6118	0	0	0	30490	0	0	"5-35957513-G-T"	TRUE	"Exon 5"
5	35957516	"rs769079508"	"C"	"G"	"gnomAD Exomes"	"PASS"	NA	"ENST00000274278.3"	"p.Leu283Phe"	"p.Leu283Phe"	"c.849G>C"	"missense_variant"	""	NA	""	1	250584	3.9906777767136e-06	0	0	0	16224	0	0	0	34486	0	0	0	10058	0	0	0	18368	0	0	0	21594	0	0	1	113290	0	0	0	6116	0	0	0	30448	0	0	"5-35957516-C-G"	TRUE	"Exon 5"
5	35957518	"rs779383010"	"A"	"T"	"gnomAD Exomes"	"PASS"	NA	"ENST00000274278.3"	"p.Leu283Met"	"p.Leu283Met"	"c.847T>A"	"missense_variant"	""	NA	""	1	249970	4.00048005760691e-06	0	0	0	16216	0	0	0	34406	0	0	0	10002	0	0	1	18362	0	0	0	21586	0	0	0	113010	0	0	0	6100	0	0	0	30288	0	0	"5-35957518-A-T"	TRUE	"Exon 5"
5	35957521	"rs748738288"	"C"	"A"	"gnomAD Exomes"	"PASS"	NA	"ENST00000274278.3"	"p.Asp282Tyr"	"p.Asp282Tyr"	"c.844G>T"	"missense_variant"	""	NA	""	1	249816	4.00294616837993e-06	0	0	0	16204	0	0	0	34398	0	0	0	9994	0	0	0	18356	0	0	0	21570	0	0	1	112922	0	0	0	6096	0	0	0	30276	0	0	"5-35957521-C-A"	TRUE	"Exon 5"
5	35965496	"rs1321030801"	"C"	"T"	"gnomAD Exomes"	"PASS"	NA	"ENST00000274278.3"	"p.Val279Ile"	"p.Val279Ile"	"c.835G>A"	"missense_variant"	""	NA	""	1	251056	3.98317506851061e-06	0	0	1	16252	0	0	0	34544	0	0	0	10054	0	0	0	18390	0	0	0	21582	0	0	0	113562	0	0	0	6118	0	0	0	30554	0	0	"5-35965496-C-T"	TRUE	"Exon 4"
5	35965505	"rs370014419"	"T"	"C"	"gnomAD Exomes,gnomAD Genomes"	"PASS"	"PASS"	"ENST00000274278.3"	"p.Ile276Val"	"p.Ile276Val"	"c.826A>G"	"missense_variant"	""	NA	""	3	282624	1.06148097826087e-05	0	0	3	24964	0	0	0	35404	0	0	0	10354	0	0	0	19954	0	0	0	25066	0	0	0	129082	0	0	0	7206	0	0	0	30594	0	0	"5-35965505-T-C"	TRUE	"Exon 4"
5	35965514	"rs766499085"	"C"	"T"	"gnomAD Exomes"	"PASS"	NA	"ENST00000274278.3"	"p.Glu273Lys"	"p.Glu273Lys"	"c.817G>A"	"missense_variant"	""	NA	""	2	251196	7.96191022150034e-06	0	0	0	16252	0	0	2	34546	0	0	0	10064	0	0	0	18392	0	0	0	21604	0	0	0	113634	0	0	0	6120	0	0	0	30584	0	0	"5-35965514-C-T"	TRUE	"Exon 4"
5	35965523	"rs754028698"	"C"	"T"	"gnomAD Exomes"	"PASS"	NA	"ENST00000274278.3"	"p.Gly270Ser"	"p.Gly270Ser"	"c.808G>A"	"missense_variant"	""	NA	""	3	251280	1.19388729703916e-05	0	0	0	16254	0	0	3	34560	0	0	0	10072	0	0	0	18394	0	0	0	21620	0	0	0	113662	0	0	0	6126	0	0	0	30592	0	0	"5-35965523-C-T"	TRUE	"Exon 4"
5	35965535	"rs375701494"	"C"	"T"	"gnomAD Genomes"	NA	"PASS"	"ENST00000274278.3"	"p.Val266Ile"	"p.Val266Ile"	"c.796G>A"	"missense_variant"	""	NA	""	1	31412	3.18349675283331e-05	0	0	0	8714	0	0	0	848	0	0	0	290	0	0	0	1560	0	0	0	3476	0	0	1	15436	0	0	0	1088	0	0	0	0	0	0	"5-35965535-C-T"	TRUE	"Exon 4"
5	35965539	"rs753107468"	"G"	"T"	"gnomAD Exomes"	"PASS"	NA	"ENST00000274278.3"	"p.Asn264Lys"	"p.Asn264Lys"	"c.792C>A"	"missense_variant"	""	NA	""	4	251366	1.59130510888505e-05	0	0	0	16254	0	0	0	34582	0	0	0	10074	0	0	0	18394	0	0	0	21632	0	0	4	113682	0	0	0	6134	0	0	0	30614	0	0	"5-35965539-G-T"	TRUE	"Exon 4"
5	35965553	"rs555449992"	"G"	"A"	"gnomAD Exomes"	"PASS"	NA	"ENST00000274278.3"	"p.Pro260Ser"	"p.Pro260Ser"	"c.778C>T"	"missense_variant"	""	NA	""	7	251414	2.7842522691656e-05	0	0	0	16256	0	0	0	34586	0	0	0	10078	0	0	1	18394	0	0	0	21648	0	0	6	113698	0	0	0	6138	0	0	0	30616	0	0	"5-35965553-G-A"	TRUE	"Exon 4"
5	35965555	"rs575612045"	"C"	"T"	"gnomAD Exomes,gnomAD Genomes"	"PASS"	"PASS"	"ENST00000274278.3"	"p.Arg259Gln"	"p.Arg259Gln"	"c.776G>A"	"missense_variant"	""	NA	""	7	282772	2.47549262303198e-05	0	0	1	24968	0	0	0	35432	0	0	0	10366	0	0	1	19952	0	0	0	25122	0	0	3	129096	0	0	1	7222	0	0	1	30614	0	0	"5-35965555-C-T"	TRUE	"Exon 4"
5	35965556	"rs61733483"	"G"	"A"	"gnomAD Exomes,gnomAD Genomes"	"PASS"	"PASS"	"ENST00000274278.3"	"p.Arg259Trp"	"p.Arg259Trp"	"c.775C>T"	"missense_variant"	""	NA	""	543	282798	0.00192009844482634	5	0	459	24954	5	0	28	35434	0	0	0	10368	0	0	42	19950	0	0	0	25122	0	0	4	129130	0	0	5	7224	0	0	5	30616	0	0	"5-35965556-G-A"	TRUE	"Exon 4"
5	35965568	"rs779738865"	"A"	"C"	"gnomAD Exomes"	"PASS"	NA	"ENST00000274278.3"	"p.Phe255Val"	"p.Phe255Val"	"c.763T>G"	"missense_variant"	""	NA	""	2	251440	7.95418390073178e-06	0	0	0	16256	0	0	0	34590	0	0	0	10078	0	0	0	18394	0	0	0	21648	0	0	0	113720	0	0	0	6140	0	0	2	30614	0	0	"5-35965568-A-C"	TRUE	"Exon 4"
5	35965574	"rs144263859"	"A"	"G"	"gnomAD Exomes,gnomAD Genomes"	"PASS"	"PASS"	"ENST00000274278.3"	"p.Phe253Leu"	"p.Phe253Leu"	"c.757T>C"	"missense_variant"	"Uncertain significance"	2559564	""	11	282846	3.88904209357742e-05	0	0	1	24970	0	0	0	35434	0	0	0	10368	0	0	0	19954	0	0	0	25124	0	0	10	129156	0	0	0	7226	0	0	0	30614	0	0	"5-35965574-A-G"	TRUE	"Exon 4"
5	35965582	"rs200073580"	"T"	"G"	"gnomAD Exomes"	"PASS"	NA	"ENST00000274278.3"	"p.Asn250Thr"	"p.Asn250Thr"	"c.749A>C"	"missense_variant"	""	NA	""	1	251444	3.97702868233086e-06	0	0	0	16256	0	0	0	34592	0	0	0	10078	0	0	0	18394	0	0	0	21648	0	0	1	113722	0	0	0	6138	0	0	0	30616	0	0	"5-35965582-T-G"	TRUE	"Exon 4"
5	35965583	"rs149225186"	"T"	"A"	"gnomAD Exomes,gnomAD Genomes"	"PASS"	"PASS"	"ENST00000274278.3"	"p.Asn250Tyr"	"p.Asn250Tyr"	"c.748A>T"	"missense_variant"	""	NA	""	662	282826	0.00234066174962698	2	0	10	24970	0	0	26	35436	0	0	109	10368	1	0	2	19954	0	0	40	25124	0	0	420	129136	0	0	16	7222	0	0	39	30616	1	0	"5-35965583-T-A"	TRUE	"Exon 4"
5	35965585	"rs539879813"	"A"	"G"	"gnomAD Exomes"	"PASS"	NA	"ENST00000274278.3"	"p.Val249Ala"	"p.Val249Ala"	"c.746T>C"	"missense_variant"	""	NA	""	1	251434	3.97718685619288e-06	0	0	0	16256	0	0	0	34590	0	0	0	10076	0	0	0	18394	0	0	0	21648	0	0	0	113716	0	0	1	6138	0	0	0	30616	0	0	"5-35965585-A-G"	TRUE	"Exon 4"
5	35965586	"rs1243960339"	"C"	"T"	"gnomAD Genomes"	NA	"PASS"	"ENST00000274278.3"	"p.Val249Ile"	"p.Val249Ile"	"c.745G>A"	"missense_variant"	""	NA	""	1	31408	3.18390219052471e-05	0	0	1	8716	0	0	0	848	0	0	0	290	0	0	0	1560	0	0	0	3476	0	0	0	15430	0	0	0	1088	0	0	0	0	0	0	"5-35965586-C-T"	TRUE	"Exon 4"
5	35965597	"rs747973774"	"T"	"G"	"gnomAD Exomes"	"PASS"	NA	"ENST00000274278.3"	"p.Glu245Ala"	"p.Glu245Ala"	"c.734A>C"	"missense_variant"	""	NA	""	1	251436	3.97715522041394e-06	0	0	0	16256	0	0	1	34590	0	0	0	10078	0	0	0	18394	0	0	0	21648	0	0	0	113716	0	0	0	6138	0	0	0	30616	0	0	"5-35965597-T-G"	TRUE	"Exon 4"
5	35965601	"rs771823710"	"C"	"T"	"gnomAD Exomes"	"PASS"	NA	"ENST00000274278.3"	"p.Ala244Thr"	"p.Ala244Thr"	"c.730G>A"	"missense_variant"	""	NA	""	1	251450	3.9769337840525e-06	0	0	0	16256	0	0	0	34590	0	0	0	10076	0	0	0	18394	0	0	0	21648	0	0	1	113736	0	0	0	6134	0	0	0	30616	0	0	"5-35965601-C-T"	TRUE	"Exon 4"
5	35965604	"rs1290537945"	"T"	"G"	"gnomAD Exomes"	"PASS"	NA	"ENST00000274278.3"	"p.Lys243Gln"	"p.Lys243Gln"	"c.727A>C"	"missense_variant"	""	NA	""	1	251436	3.97715522041394e-06	0	0	1	16256	0	0	0	34590	0	0	0	10076	0	0	0	18394	0	0	0	21648	0	0	0	113722	0	0	0	6134	0	0	0	30616	0	0	"5-35965604-T-G"	TRUE	"Exon 4"
5	35965606	"rs773183759"	"A"	"G"	"gnomAD Exomes"	"PASS"	NA	"ENST00000274278.3"	"p.Leu242Pro"	"p.Leu242Pro"	"c.725T>C"	"missense_variant"	""	NA	""	1	251458	3.97680726005933e-06	0	0	0	16256	0	0	0	34590	0	0	0	10078	0	0	0	18394	0	0	0	21648	0	0	0	113740	0	0	0	6136	0	0	1	30616	0	0	"5-35965606-A-G"	TRUE	"Exon 4"
5	35965613	"rs776715878"	"G"	"A"	"gnomAD Exomes"	"PASS"	NA	"ENST00000274278.3"	"p.Leu240Phe"	"p.Leu240Phe"	"c.718C>T"	"missense_variant"	""	NA	""	2	251456	7.95367778060575e-06	0	0	0	16256	0	0	0	34592	0	0	0	10078	0	0	0	18394	0	0	0	21648	0	0	2	113736	0	0	0	6136	0	0	0	30616	0	0	"5-35965613-G-A"	TRUE	"Exon 4"
5	35965630	"rs759699054"	"C"	"G"	"gnomAD Exomes"	"PASS"	NA	"ENST00000274278.3"	"p.Arg234Thr"	"p.Arg234Thr"	"c.701G>C"	"missense_variant"	""	NA	""	2	251436	7.95431044082788e-06	0	0	0	16254	0	0	0	34592	0	0	0	10076	0	0	0	18394	0	0	0	21646	0	0	2	113724	0	0	0	6136	0	0	0	30614	0	0	"5-35965630-C-G"	TRUE	"Exon 4"
5	35965643	"rs539180500"	"G"	"T"	"gnomAD Genomes"	NA	"PASS"	"ENST00000274278.3"	"p.Pro230Thr"	"p.Pro230Thr"	"c.688C>A"	"missense_variant"	""	NA	""	1	31404	3.18430773149917e-05	0	0	0	8714	0	0	0	848	0	0	0	290	0	0	0	1558	0	0	0	3476	0	0	1	15432	0	0	0	1086	0	0	0	0	0	0	"5-35965643-G-T"	TRUE	"Exon 4"
5	35965644	"rs150885334"	"G"	"C"	"gnomAD Genomes"	NA	"PASS"	"ENST00000274278.3"	"p.Phe229Leu"	"p.Phe229Leu"	"c.687C>G"	"missense_variant"	""	NA	""	1	31408	3.18390219052471e-05	0	0	1	8718	0	0	0	848	0	0	0	290	0	0	0	1560	0	0	0	3476	0	0	0	15428	0	0	0	1088	0	0	0	0	0	0	"5-35965644-G-C"	TRUE	"Exon 4"
5	35965645	"rs1476936784"	"A"	"T"	"gnomAD Exomes"	"PASS"	NA	"ENST00000274278.3"	"p.Phe229Tyr"	"p.Phe229Tyr"	"c.686T>A"	"missense_variant"	"Uncertain significance"	2316659	""	1	251436	3.97715522041394e-06	0	0	0	16256	0	0	0	34590	0	0	0	10078	0	0	0	18394	0	0	0	21648	0	0	1	113720	0	0	0	6136	0	0	0	30614	0	0	"5-35965645-A-T"	TRUE	"Exon 4"
5	35965649	"rs1470131603"	"G"	"T"	"gnomAD Genomes"	NA	"PASS"	"ENST00000274278.3"	"p.His228Asn"	"p.His228Asn"	"c.682C>A"	"missense_variant"	""	NA	""	1	31412	3.18349675283331e-05	0	0	0	8718	0	0	0	848	0	0	0	290	0	0	1	1560	0	0	0	3476	0	0	0	15432	0	0	0	1088	0	0	0	0	0	0	"5-35965649-G-T"	TRUE	"Exon 4"
5	35965652	"rs1403144823"	"C"	"T"	"gnomAD Exomes"	"PASS"	NA	"ENST00000274278.3"	"p.Glu227Lys"	"p.Glu227Lys"	"c.679G>A"	"missense_variant"	""	NA	""	1	251428	3.97728176654947e-06	0	0	0	16256	0	0	0	34590	0	0	0	10078	0	0	0	18394	0	0	0	21648	0	0	0	113718	0	0	0	6128	0	0	1	30616	0	0	"5-35965652-C-T"	TRUE	"Exon 4"
5	35965655	"rs1400010475"	"T"	"C"	"gnomAD Genomes"	NA	"PASS"	"ENST00000274278.3"	"p.Lys226Glu"	"p.Lys226Glu"	"c.676A>G"	"missense_variant"	""	NA	""	1	31398	3.18491623670297e-05	0	0	0	8714	0	0	0	848	0	0	0	290	0	0	0	1560	0	0	0	3476	0	0	1	15422	0	0	0	1088	0	0	0	0	0	0	"5-35965655-T-C"	TRUE	"Exon 4"
5	35965660	"rs764406392"	"G"	"A"	"gnomAD Exomes"	"PASS"	NA	"ENST00000274278.3"	"p.Thr224Ile"	"p.Thr224Ile"	"c.671C>T"	"missense_variant"	""	NA	""	1	251446	3.97699704906819e-06	0	0	0	16256	0	0	0	34592	0	0	0	10078	0	0	0	18394	0	0	0	21648	0	0	0	113728	0	0	0	6134	0	0	1	30616	0	0	"5-35965660-G-A"	TRUE	"Exon 4"
5	35965667	"rs757858404"	"C"	"T"	"gnomAD Exomes"	"PASS"	NA	"ENST00000274278.3"	"p.Asp222Asn"	"p.Asp222Asn"	"c.664G>A"	"missense_variant"	""	NA	""	1	251434	3.97718685619288e-06	0	0	0	16254	0	0	0	34590	0	0	0	10078	0	0	1	18394	0	0	0	21648	0	0	0	113720	0	0	0	6134	0	0	0	30616	0	0	"5-35965667-C-T"	TRUE	"Exon 4"
5	35965672	"rs200732514"	"G"	"A"	"gnomAD Exomes,gnomAD Genomes"	"PASS"	"PASS"	"ENST00000274278.3"	"p.Thr220Ile"	"p.Thr220Ile"	"c.659C>T"	"missense_variant"	""	NA	""	21	282838	7.42474490697855e-05	0	0	0	24964	0	0	0	35438	0	0	0	10368	0	0	21	19954	0	0	0	25124	0	0	0	129150	0	0	0	7224	0	0	0	30616	0	0	"5-35965672-G-A"	TRUE	"Exon 4"
5	35965673	"rs1275847933"	"T"	"C"	"gnomAD Exomes"	"PASS"	NA	"ENST00000274278.3"	"p.Thr220Ala"	"p.Thr220Ala"	"c.658A>G"	"missense_variant"	""	NA	""	1	251436	3.97715522041394e-06	0	0	0	16254	0	0	0	34590	0	0	0	10078	0	0	0	18394	0	0	0	21648	0	0	1	113720	0	0	0	6136	0	0	0	30616	0	0	"5-35965673-T-C"	TRUE	"Exon 4"
5	35965679	"rs1345272806"	"G"	"T"	"gnomAD Exomes"	"PASS"	NA	"ENST00000274278.3"	"p.Gln218Lys"	"p.Gln218Lys"	"c.652C>A"	"missense_variant"	""	NA	""	1	251426	3.97731340434164e-06	0	0	0	16254	0	0	0	34590	0	0	0	10078	0	0	0	18394	0	0	0	21648	0	0	1	113710	0	0	0	6136	0	0	0	30616	0	0	"5-35965679-G-T"	TRUE	"Exon 4"
5	35965682	"rs184564491"	"T"	"C"	"gnomAD Exomes"	"PASS"	NA	"ENST00000274278.3"	"p.Met217Val"	"p.Met217Val"	"c.649A>G"	"missense_variant"	""	NA	""	1	251432	3.9772184924751e-06	0	0	1	16256	0	0	0	34590	0	0	0	10078	0	0	0	18394	0	0	0	21648	0	0	0	113714	0	0	0	6136	0	0	0	30616	0	0	"5-35965682-T-C"	TRUE	"Exon 4"
5	35965682	"rs184564491"	"T"	"G"	"gnomAD Exomes"	"PASS"	NA	"ENST00000274278.3"	"p.Met217Leu"	"p.Met217Leu"	"c.649A>C"	"missense_variant"	""	NA	""	1	251432	3.9772184924751e-06	0	0	0	16256	0	0	0	34590	0	0	0	10078	0	0	1	18394	0	0	0	21648	0	0	0	113714	0	0	0	6136	0	0	0	30616	0	0	"5-35965682-T-G"	TRUE	"Exon 4"
5	35965690	"rs186655397"	"T"	"C"	"gnomAD Exomes"	"PASS"	NA	"ENST00000274278.3"	"p.Gln214Arg"	"p.Gln214Arg"	"c.641A>G"	"missense_variant"	""	NA	""	1	251424	3.97734504263714e-06	0	0	1	16254	0	0	0	34590	0	0	0	10078	0	0	0	18394	0	0	0	21648	0	0	0	113708	0	0	0	6136	0	0	0	30616	0	0	"5-35965690-T-C"	TRUE	"Exon 4"
5	35965697	"rs1252604201"	"T"	"C"	"gnomAD Exomes"	"PASS"	NA	"ENST00000274278.3"	"p.Arg212Gly"	"p.Arg212Gly"	"c.634A>G"	"missense_variant"	""	NA	""	1	251388	3.97791461804064e-06	0	0	0	16254	0	0	0	34588	0	0	0	10078	0	0	0	18394	0	0	0	21636	0	0	0	113688	0	0	0	6134	0	0	1	30616	0	0	"5-35965697-T-C"	TRUE	"Exon 4"
5	35965701	"rs1449842085"	"G"	"T"	"gnomAD Exomes"	"PASS"	NA	"ENST00000274278.3"	"p.Phe210Leu"	"p.Phe210Leu"	"c.630C>A"	"missense_variant"	""	NA	""	1	251422	3.97737668143599e-06	0	0	0	16254	0	0	0	34592	0	0	0	10078	0	0	1	18394	0	0	0	21648	0	0	0	113706	0	0	0	6134	0	0	0	30616	0	0	"5-35965701-G-T"	TRUE	"Exon 4"
5	35965713	""	"C"	"A"	"gnomAD Exomes"	"PASS"	NA	"ENST00000274278.3"	"p.Met206Ile"	"p.Met206Ile"	"c.618G>T"	"missense_variant"	""	NA	""	1	251380	3.97804121250696e-06	0	0	0	16254	0	0	0	34590	0	0	0	10078	0	0	0	18394	0	0	0	21646	0	0	1	113672	0	0	0	6132	0	0	0	30614	0	0	"5-35965713-C-A"	TRUE	"Exon 4"
5	35965723	"rs772915706"	"T"	"G"	"gnomAD Exomes"	"PASS"	NA	"ENST00000274278.3"	"p.Asn203Thr"	"p.Asn203Thr"	"c.608A>C"	"missense_variant"	""	NA	""	3	251396	1.19333640948941e-05	0	0	0	16252	0	0	0	34590	0	0	0	10074	0	0	0	18394	0	0	1	21648	0	0	2	113684	0	0	0	6138	0	0	0	30616	0	0	"5-35965723-T-G"	TRUE	"Exon 4"
5	35965725	"rs746903275"	"C"	"A"	"gnomAD Exomes"	"PASS"	NA	"ENST00000274278.3"	"p.Lys202Asn"	"p.Lys202Asn"	"c.606G>T"	"missense_variant"	""	NA	""	1	251400	3.97772474144789e-06	0	0	0	16254	0	0	1	34588	0	0	0	10076	0	0	0	18394	0	0	0	21648	0	0	0	113686	0	0	0	6140	0	0	0	30614	0	0	"5-35965725-C-A"	TRUE	"Exon 4"
5	35965732	"rs917206994"	"C"	"T"	"gnomAD Exomes"	"PASS"	NA	"ENST00000274278.3"	"p.Arg200Gln"	"p.Arg200Gln"	"c.599G>A"	"missense_variant"	""	NA	""	2	251372	7.95633563006222e-06	0	0	0	16250	0	0	0	34588	0	0	0	10078	0	0	0	18394	0	0	0	21648	0	0	2	113660	0	0	0	6138	0	0	0	30616	0	0	"5-35965732-C-T"	TRUE	"Exon 4"
5	35965733	"rs199958046"	"G"	"C"	"gnomAD Exomes"	"PASS"	NA	"ENST00000274278.3"	"p.Arg200Gly"	"p.Arg200Gly"	"c.598C>G"	"missense_variant"	""	NA	""	1	251376	3.97810451276176e-06	0	0	0	16252	0	0	0	34588	0	0	0	10076	0	0	0	18394	0	0	0	21648	0	0	1	113662	0	0	0	6140	0	0	0	30616	0	0	"5-35965733-G-C"	TRUE	"Exon 4"
5	35965737	"rs776628009"	"C"	"G"	"gnomAD Exomes"	"PASS"	NA	"ENST00000274278.3"	"p.Trp198Cys"	"p.Trp198Cys"	"c.594G>C"	"missense_variant"	""	NA	""	4	251380	1.59121648500278e-05	0	0	0	16252	0	0	0	34590	0	0	0	10076	0	0	0	18394	0	0	0	21648	0	0	4	113666	0	0	0	6138	0	0	0	30616	0	0	"5-35965737-C-G"	TRUE	"Exon 4"
5	35965739	"rs759596775"	"A"	"G"	"gnomAD Exomes"	"PASS"	NA	"ENST00000274278.3"	"p.Trp198Arg"	"p.Trp198Arg"	"c.592T>C"	"missense_variant"	""	NA	""	1	251382	3.97800956313499e-06	0	0	0	16252	0	0	0	34590	0	0	0	10078	0	0	0	18394	0	0	0	21648	0	0	1	113664	0	0	0	6140	0	0	0	30616	0	0	"5-35965739-A-G"	TRUE	"Exon 4"
5	35965740	"rs958465777"	"G"	"C"	"gnomAD Exomes"	"PASS"	NA	"ENST00000274278.3"	"p.Phe197Leu"	"p.Phe197Leu"	"c.591C>G"	"missense_variant"	""	NA	""	1	251354	3.97845270017585e-06	0	0	0	16250	0	0	0	34590	0	0	0	10078	0	0	0	18394	0	0	0	21648	0	0	1	113640	0	0	0	6138	0	0	0	30616	0	0	"5-35965740-G-C"	TRUE	"Exon 4"
5	35965741	"rs765279118"	"A"	"G"	"gnomAD Exomes"	"PASS"	NA	"ENST00000274278.3"	"p.Phe197Ser"	"p.Phe197Ser"	"c.590T>C"	"missense_variant"	""	NA	""	1	251374	3.97813616364461e-06	0	0	0	16254	0	0	0	34590	0	0	0	10078	0	0	0	18394	0	0	0	21648	0	0	0	113656	0	0	0	6138	0	0	1	30616	0	0	"5-35965741-A-G"	TRUE	"Exon 4"
5	35965744	"rs1324599628"	"T"	"C"	"gnomAD Exomes"	"PASS"	NA	"ENST00000274278.3"	"p.Asp196Gly"	"p.Asp196Gly"	"c.587A>G"	"missense_variant"	""	NA	""	1	251348	3.97854767095819e-06	0	0	0	16254	0	0	0	34574	0	0	0	10076	0	0	0	18394	0	0	0	21648	0	0	1	113654	0	0	0	6134	0	0	0	30614	0	0	"5-35965744-T-C"	TRUE	"Exon 4"
5	35965745	"rs145626730"	"C"	"A"	"gnomAD Exomes,gnomAD Genomes"	"PASS"	"PASS"	"ENST00000274278.3"	"p.Asp196Tyr"	"p.Asp196Tyr"	"c.586G>T"	"missense_variant"	""	NA	""	77	282764	0.000272311892603019	0	0	76	24964	0	0	1	35438	0	0	0	10366	0	0	0	19954	0	0	0	25124	0	0	0	129078	0	0	0	7224	0	0	0	30616	0	0	"5-35965745-C-A"	TRUE	"Exon 4"
5	35965747	"rs763116023"	"A"	"C"	"gnomAD Exomes"	"PASS"	NA	"ENST00000274278.3"	"p.Met195Arg"	"p.Met195Arg"	"c.584T>G"	"missense_variant"	""	NA	""	18	251372	7.160702067056e-05	0	0	0	16254	0	0	17	34590	0	0	0	10074	0	0	0	18394	0	0	0	21648	0	0	1	113656	0	0	0	6140	0	0	0	30616	0	0	"5-35965747-A-C"	TRUE	"Exon 4"
5	35965748	"rs1294985490"	"T"	"C"	"gnomAD Exomes,gnomAD Genomes"	"PASS"	"PASS"	"ENST00000274278.3"	"p.Met195Val"	"p.Met195Val"	"c.583A>G"	"missense_variant"	""	NA	""	3	282766	1.06094792160302e-05	0	0	0	24962	0	0	0	35438	0	0	0	10366	0	0	0	19954	0	0	0	25120	0	0	2	129084	0	0	1	7226	0	0	0	30616	0	0	"5-35965748-T-C"	TRUE	"Exon 4"
5	35965756	"rs1340783485"	"G"	"A"	"gnomAD Exomes"	"PASS"	NA	"ENST00000274278.3"	"p.Thr192Ile"	"p.Thr192Ile"	"c.575C>T"	"missense_variant"	""	NA	""	1	251344	3.9786109873321e-06	0	0	0	16256	0	0	0	34590	0	0	1	10074	0	0	0	18394	0	0	0	21646	0	0	0	113630	0	0	0	6138	0	0	0	30616	0	0	"5-35965756-G-A"	TRUE	"Exon 4"
5	35965757	"rs1228464176"	"T"	"C"	"gnomAD Exomes"	"PASS"	NA	"ENST00000274278.3"	"p.Thr192Ala"	"p.Thr192Ala"	"c.574A>G"	"missense_variant"	""	NA	""	1	251336	3.97873762612598e-06	0	0	0	16256	0	0	0	34590	0	0	0	10072	0	0	0	18394	0	0	0	21648	0	0	1	113622	0	0	0	6138	0	0	0	30616	0	0	"5-35965757-T-C"	TRUE	"Exon 4"
5	35965770	"rs1225758225"	"G"	"C"	"gnomAD Genomes"	NA	"PASS"	"ENST00000274278.3"	"p.Phe187Leu"	"p.Phe187Leu"	"c.561C>G"	"missense_variant"	""	NA	""	2	31400	6.36942675159236e-05	0	0	1	8716	0	0	0	848	0	0	0	290	0	0	0	1558	0	0	0	3474	0	0	1	15426	0	0	0	1088	0	0	0	0	0	0	"5-35965770-G-C"	TRUE	"Exon 4"
5	35965771	"rs147751292"	"A"	"G"	"gnomAD Exomes,gnomAD Genomes"	"PASS"	"PASS"	"ENST00000274278.3"	"p.Phe187Ser"	"p.Phe187Ser"	"c.560T>C"	"missense_variant"	""	NA	""	7	282730	2.47586036147561e-05	0	0	7	24970	0	0	0	35434	0	0	0	10362	0	0	0	19954	0	0	0	25124	0	0	0	129048	0	0	0	7222	0	0	0	30616	0	0	"5-35965771-A-G"	TRUE	"Exon 4"
5	35965781	"rs768135474"	"C"	"T"	"gnomAD Exomes"	"PASS"	NA	"ENST00000274278.3"	"p.Val184Ile"	"p.Val184Ile"	"c.550G>A"	"missense_variant"	""	NA	""	2	251242	7.96045247211852e-06	0	0	2	16254	0	0	0	34582	0	0	0	10066	0	0	0	18392	0	0	0	21636	0	0	0	113568	0	0	0	6130	0	0	0	30614	0	0	"5-35965781-C-T"	TRUE	"Exon 4"
5	35965787	"rs754489181"	"A"	"G"	"gnomAD Exomes"	"PASS"	NA	"ENST00000274278.3"	"p.Ser182Pro"	"p.Ser182Pro"	"c.544T>C"	"missense_variant"	""	NA	""	1	251288	3.97949762821941e-06	0	0	0	16256	0	0	0	34586	0	0	0	10070	0	0	0	18394	0	0	0	21642	0	0	1	113602	0	0	0	6128	0	0	0	30610	0	0	"5-35965787-A-G"	TRUE	"Exon 4"
5	35965794	"rs752359080"	"G"	"C"	"gnomAD Exomes"	"PASS"	NA	"ENST00000274278.3"	"p.Ser179Arg"	"p.Ser179Arg"	"c.537C>G"	"missense_variant"	""	NA	""	1	251224	3.98051141610674e-06	0	0	0	16256	0	0	0	34578	0	0	0	10066	0	0	1	18394	0	0	0	21642	0	0	0	113554	0	0	0	6126	0	0	0	30608	0	0	"5-35965794-G-C"	TRUE	"Exon 4"
5	35965794	"rs752359080"	"G"	"T"	"gnomAD Exomes"	"PASS"	NA	"ENST00000274278.3"	"p.Ser179Arg"	"p.Ser179Arg"	"c.537C>A"	"missense_variant"	""	NA	""	1	251224	3.98051141610674e-06	0	0	1	16256	0	0	0	34578	0	0	0	10066	0	0	0	18394	0	0	0	21642	0	0	0	113554	0	0	0	6126	0	0	0	30608	0	0	"5-35965794-G-T"	TRUE	"Exon 4"
5	35965795	"rs758012487"	"C"	"A"	"gnomAD Exomes"	"PASS"	NA	"ENST00000274278.3"	"p.Ser179Ile"	"p.Ser179Ile"	"c.536G>T"	"missense_variant"	""	NA	""	2	251216	7.96127635182473e-06	0	0	0	16254	0	0	2	34574	0	0	0	10064	0	0	0	18394	0	0	0	21638	0	0	0	113562	0	0	0	6128	0	0	0	30602	0	0	"5-35965795-C-A"	TRUE	"Exon 4"
5	35965798	"rs777490389"	"G"	"A"	"gnomAD Exomes"	"PASS"	NA	"ENST00000274278.3"	"p.Pro178Leu"	"p.Pro178Leu"	"c.533C>T"	"missense_variant"	""	NA	""	1	251194	3.98098680700972e-06	0	0	0	16256	0	0	0	34570	0	0	0	10062	0	0	0	18394	0	0	0	21632	0	0	1	113550	0	0	0	6124	0	0	0	30606	0	0	"5-35965798-G-A"	TRUE	"Exon 4"
5	35965811	"rs770768448"	"C"	"G"	"gnomAD Exomes"	"PASS"	NA	"ENST00000274278.3"	"p.Asp174His"	"p.Asp174His"	"c.520G>C"	"missense_variant"	""	NA	""	4	251210	1.59229330042594e-05	0	0	0	16256	0	0	0	34560	0	0	0	10070	0	0	0	18394	0	0	0	21628	0	0	0	113580	0	0	0	6124	0	0	4	30598	0	0	"5-35965811-C-G"	TRUE	"Exon 4"
5	35965820	"rs141076093"	"C"	"T"	"gnomAD Exomes,gnomAD Genomes"	"PASS"	"PASS"	"ENST00000274278.3"	"p.Gly171Ser"	"p.Gly171Ser"	"c.511G>A"	"missense_variant"	""	NA	""	11	282618	3.89217954978098e-05	0	0	9	24964	0	0	0	35422	0	0	0	10356	0	0	1	19954	0	0	0	25104	0	0	0	129008	0	0	0	7212	0	0	1	30598	0	0	"5-35965820-C-T"	TRUE	"Exon 4"
5	35965821	"rs184080185"	"G"	"T"	"gnomAD Exomes"	"PASS"	NA	"ENST00000274278.3"	"p.Phe170Leu"	"p.Phe170Leu"	"c.510C>A"	"missense_variant"	""	NA	""	2	251242	7.96045247211852e-06	0	0	0	16254	0	0	0	34572	0	0	0	10062	0	0	2	18394	0	0	0	21634	0	0	0	113598	0	0	0	6128	0	0	0	30600	0	0	"5-35965821-G-T"	TRUE	"Exon 4"
5	35965828	"rs1264456566"	"G"	"A"	"gnomAD Genomes"	NA	"PASS"	"ENST00000274278.3"	"p.Thr168Ile"	"p.Thr168Ile"	"c.503C>T"	"missense_variant"	""	NA	""	1	31396	3.18511912345522e-05	0	0	0	8712	0	0	0	848	0	0	0	290	0	0	0	1560	0	0	0	3476	0	0	1	15422	0	0	0	1088	0	0	0	0	0	0	"5-35965828-G-A"	TRUE	"Exon 4"
5	35965835	"rs763176114"	"G"	"A"	"gnomAD Exomes"	"PASS"	NA	"ENST00000274278.3"	"p.Leu166Phe"	"p.Leu166Phe"	"c.496C>T"	"missense_variant"	""	NA	""	1	251264	3.97987773815588e-06	0	0	0	16254	0	0	0	34578	0	0	0	10066	0	0	0	18392	0	0	0	21638	0	0	0	113604	0	0	0	6130	0	0	1	30602	0	0	"5-35965835-G-A"	TRUE	"Exon 4"
5	35965841	"rs1338199001"	"C"	"A"	"gnomAD Exomes"	"PASS"	NA	"ENST00000274278.3"	"p.Ala164Ser"	"p.Ala164Ser"	"c.490G>T"	"missense_variant"	""	NA	""	2	251242	7.96045247211852e-06	0	0	0	16250	0	0	2	34572	0	0	0	10068	0	0	0	18390	0	0	0	21638	0	0	0	113602	0	0	0	6126	0	0	0	30596	0	0	"5-35965841-C-A"	TRUE	"Exon 4"
5	35965846	"rs1243928795"	"A"	"G"	"gnomAD Exomes"	"PASS"	NA	"ENST00000274278.3"	"p.Phe162Ser"	"p.Phe162Ser"	"c.485T>C"	"missense_variant"	""	NA	""	1	251278	3.97965599853549e-06	0	0	0	16252	0	0	1	34574	0	0	0	10070	0	0	0	18392	0	0	0	21640	0	0	0	113618	0	0	0	6130	0	0	0	30602	0	0	"5-35965846-A-G"	TRUE	"Exon 4"
5	35965855	"rs533554529"	"A"	"C"	"gnomAD Exomes"	"PASS"	NA	"ENST00000274278.3"	"p.Val159Gly"	"p.Val159Gly"	"c.476T>G"	"missense_variant"	""	NA	""	2	251270	7.95956540772874e-06	0	0	2	16254	0	0	0	34574	0	0	0	10070	0	0	0	18392	0	0	0	21644	0	0	0	113608	0	0	0	6126	0	0	0	30602	0	0	"5-35965855-A-C"	TRUE	"Exon 4"
5	35965859	"rs1336923707"	"G"	"T"	"gnomAD Exomes"	"PASS"	NA	"ENST00000274278.3"	"p.Leu158Ile"	"p.Leu158Ile"	"c.472C>A"	"missense_variant"	"Uncertain significance"	2291503	""	2	251234	7.96070595540412e-06	0	0	0	16252	0	0	0	34576	0	0	0	10068	0	0	0	18390	0	0	0	21646	0	0	1	113582	0	0	0	6126	0	0	1	30594	0	0	"5-35965859-G-T"	TRUE	"Exon 4"
5	35965861	"rs901483716"	"T"	"C"	"gnomAD Exomes"	"PASS"	NA	"ENST00000274278.3"	"p.Lys157Arg"	"p.Lys157Arg"	"c.470A>G"	"missense_variant"	"Uncertain significance"	2314037	""	2	251258	7.95994555397241e-06	0	0	0	16254	0	0	0	34576	0	0	0	10070	0	0	0	18392	0	0	0	21648	0	0	0	113598	0	0	2	6124	0	0	0	30596	0	0	"5-35965861-T-C"	TRUE	"Exon 4"
5	35965891	"rs761118478"	"A"	"T"	"gnomAD Exomes"	"PASS"	NA	"ENST00000274278.3"	"p.Phe147Tyr"	"p.Phe147Tyr"	"c.440T>A"	"missense_variant"	""	NA	""	1	251028	3.98361935720318e-06	0	0	0	16224	0	0	0	34574	0	0	0	10064	0	0	0	18390	0	0	0	21648	0	0	0	113424	0	0	0	6114	0	0	1	30590	0	0	"5-35965891-A-T"	TRUE	"Exon 4"
5	35965892	"rs1158873266"	"A"	"G"	"gnomAD Exomes"	"PASS"	NA	"ENST00000274278.3"	"p.Phe147Leu"	"p.Phe147Leu"	"c.439T>C"	"missense_variant"	""	NA	""	2	250966	7.969206984213e-06	0	0	0	16224	0	0	2	34578	0	0	0	10066	0	0	0	18390	0	0	0	21646	0	0	0	113364	0	0	0	6110	0	0	0	30588	0	0	"5-35965892-A-G"	TRUE	"Exon 4"
5	35965895	"rs752166325"	"C"	"T"	"gnomAD Exomes"	"PASS"	NA	"ENST00000274278.3"	"p.Ala146Thr"	"p.Ala146Thr"	"c.436G>A"	"missense_variant"	""	NA	""	1	250910	3.98549280618548e-06	0	0	0	16224	0	0	0	34576	0	0	0	10060	0	0	0	18388	0	0	0	21646	0	0	0	113322	0	0	0	6108	0	0	1	30586	0	0	"5-35965895-C-T"	TRUE	"Exon 4"
5	35965900	"rs758004820"	"A"	"G"	"gnomAD Exomes,gnomAD Genomes"	"PASS"	"PASS"	"ENST00000274278.3"	"p.Val144Ala"	"p.Val144Ala"	"c.431T>C"	"missense_variant"	""	NA	""	2	282252	7.08586653061803e-06	0	0	0	24932	0	0	0	35416	0	0	0	10346	0	0	0	19946	0	0	0	25120	0	0	2	128712	0	0	0	7192	0	0	0	30588	0	0	"5-35965900-A-G"	TRUE	"Exon 4"
5	35965901	"rs777401517"	"C"	"T"	"gnomAD Exomes"	"PASS"	NA	"ENST00000274278.3"	"p.Val144Ile"	"p.Val144Ile"	"c.430G>A"	"missense_variant"	""	NA	""	13	250798	5.18345441351207e-05	0	0	0	16214	0	0	0	34570	0	0	0	10054	0	0	0	18386	0	0	0	21642	0	0	0	113240	0	0	0	6108	0	0	13	30584	0	0	"5-35965901-C-T"	TRUE	"Exon 4"
5	35965904	"rs1394927789"	"A"	"G"	"gnomAD Exomes"	"PASS"	NA	"ENST00000274278.3"	"p.Phe143Leu"	"p.Phe143Leu"	"c.427T>C"	"missense_variant"	""	NA	""	1	250682	3.98911768695e-06	0	0	0	16196	0	0	0	34564	0	0	0	10054	0	0	0	18382	0	0	0	21644	0	0	0	113158	0	0	0	6104	0	0	1	30580	0	0	"5-35965904-A-G"	TRUE	"Exon 4"
5	35965911	"rs757011742"	"A"	"T"	"gnomAD Exomes"	"PASS"	NA	"ENST00000274278.3"	"p.Asp140Glu"	"p.Asp140Glu"	"c.420T>A"	"missense_variant"	""	NA	""	2	250578	7.98154666411257e-06	1	0	0	16186	0	0	0	34562	0	0	0	10046	0	0	0	18382	0	0	0	21642	0	0	0	113090	0	0	0	6096	0	0	2	30574	1	0	"5-35965911-A-T"	TRUE	"Exon 4"
5	35965918	"rs780992050"	"T"	"A"	"gnomAD Exomes"	"PASS"	NA	"ENST00000274278.3"	"p.Asn138Ile"	"p.Asn138Ile"	"c.413A>T"	"missense_variant"	""	NA	"mnv"	1	250238	3.99619562176808e-06	0	0	0	16134	0	0	0	34548	0	0	0	10032	0	0	0	18374	0	0	0	21634	0	0	0	112874	0	0	0	6086	0	0	1	30556	0	0	"5-35965918-T-A"	TRUE	"Exon 4"
5	35965919	"rs745770060"	"T"	"A"	"gnomAD Exomes"	"PASS"	NA	"ENST00000274278.3"	"p.Asn138Tyr"	"p.Asn138Tyr"	"c.412A>T"	"missense_variant"	""	NA	"mnv"	1	250232	3.99629144154225e-06	0	0	0	16136	0	0	0	34540	0	0	0	10034	0	0	0	18370	0	0	0	21638	0	0	0	112878	0	0	0	6084	0	0	1	30552	0	0	"5-35965919-T-A"	TRUE	"Exon 4"
5	35965920	"rs1481515038"	"C"	"G"	"gnomAD Genomes"	NA	"PASS"	"ENST00000274278.3"	"p.Glu137Asp"	"p.Glu137Asp"	"c.411G>C"	"missense_variant"	""	NA	""	1	31410	3.18369945877109e-05	0	0	1	8718	0	0	0	848	0	0	0	290	0	0	0	1558	0	0	0	3476	0	0	0	15432	0	0	0	1088	0	0	0	0	0	0	"5-35965920-C-G"	TRUE	"Exon 4"
5	35965933	"rs549468369"	"G"	"A"	"gnomAD Exomes"	"PASS"	NA	"ENST00000274278.3"	"p.Ser133Phe"	"p.Ser133Phe"	"c.398C>T"	"missense_variant"	""	NA	""	1	249590	4.00657077607276e-06	0	0	0	16052	0	0	0	34488	0	0	0	10008	0	0	0	18356	0	0	0	21596	0	0	0	112526	0	0	0	6060	0	0	1	30504	0	0	"5-35965933-G-A"	TRUE	"Exon 4"
5	35965941	"rs1483074730"	"T"	"C"	"gnomAD Exomes"	"PASS"	NA	"ENST00000274278.3"	"p.Ile130Met"	"p.Ile130Met"	"c.390A>G"	"missense_variant"	""	NA	""	1	248518	4.02385340297282e-06	0	0	1	15944	0	0	0	34368	0	0	0	9976	0	0	0	18330	0	0	0	21580	0	0	0	112030	0	0	0	6040	0	0	0	30250	0	0	"5-35965941-T-C"	TRUE	"Exon 4"
5	35965943	"rs1201076795"	"T"	"C"	"gnomAD Exomes"	"PASS"	NA	"ENST00000274278.3"	"p.Ile130Val"	"p.Ile130Val"	"c.388A>G"	"missense_variant"	""	NA	""	1	248212	4.02881407828791e-06	0	0	0	15916	0	0	0	34346	0	0	0	9952	0	0	0	18322	0	0	1	21580	0	0	0	111874	0	0	0	6036	0	0	0	30186	0	0	"5-35965943-T-C"	TRUE	"Exon 4"
5	35965948	"rs749321863"	"T"	"C"	"gnomAD Exomes"	"PASS"	NA	"ENST00000274278.3"	"p.Lys128Arg"	"p.Lys128Arg"	"c.383A>G"	"missense_variant"	""	NA	""	19	244686	7.76505398755957e-05	0	0	0	15778	0	0	0	33644	0	0	0	9736	0	0	0	18170	0	0	19	21516	0	0	0	110776	0	0	0	5972	0	0	0	29094	0	0	"5-35965948-T-C"	TRUE	"Exon 4"
5	35965958	"rs768917502"	"G"	"T"	"gnomAD Genomes"	NA	"PASS"	"ENST00000274278.3"	"p.Leu125Ile"	"p.Leu125Ile"	"c.373C>A"	"missense_variant"	""	NA	""	1	31406	3.18410494809909e-05	0	0	0	8716	0	0	0	848	0	0	0	290	0	0	0	1560	0	0	1	3472	0	0	0	15432	0	0	0	1088	0	0	0	0	0	0	"5-35965958-G-T"	TRUE	"Exon 4"
5	35965970	"rs3756669"	"A"	"C"	"gnomAD Exomes,gnomAD Genomes"	"PASS"	"PASS"	"ENST00000274278.3"	"p.Cys121Gly"	"p.Cys121Gly"	"c.361T>G"	"missense_variant"	""	NA	""	49349	267628	0.184394009595409	6005	0	856	23654	17	0	7881	33130	1046	0	1369	9504	92	0	7860	19344	1603	0	3075	24578	167	0	17884	123028	1372	0	1124	6846	98	0	9300	27544	1610	0	"5-35965970-A-C"	TRUE	"Exon 4"
5	35965973	"rs772526051"	"G"	"T"	"gnomAD Exomes"	"PASS"	NA	"ENST00000274278.3"	"p.Gln120Lys"	"p.Gln120Lys"	"c.358C>A"	"missense_variant"	""	NA	""	1	234468	4.26497432485456e-06	0	0	0	14926	0	0	0	31840	0	0	0	9148	0	0	0	17710	0	0	0	20990	0	0	1	107054	0	0	0	5712	0	0	0	27088	0	0	"5-35965973-G-T"	TRUE	"Exon 4"
5	35965993	"rs149072441"	"A"	"T"	"gnomAD Exomes,gnomAD Genomes"	"PASS"	"PASS"	"ENST00000274278.3"	"p.Leu113Gln"	"p.Leu113Gln"	"c.338T>A"	"missense_variant"	""	NA	""	18	245220	7.34034744311231e-05	0	0	18	22842	0	0	0	27216	0	0	0	7942	0	0	0	18200	0	0	0	23108	0	0	0	115970	0	0	0	6196	0	0	0	23746	0	0	"5-35965993-A-T"	TRUE	"Exon 4"
5	35966011	"rs1307371842"	"G"	"C"	"gnomAD Exomes"	"PASS"	NA	"ENST00000274278.3"	"p.Ser107Cys"	"p.Ser107Cys"	"c.320C>G"	"missense_variant"	""	NA	""	1	194118	5.151505785141e-06	0	0	0	13470	0	0	0	22290	0	0	0	6106	0	0	1	15622	0	0	0	17034	0	0	0	94062	0	0	0	4526	0	0	0	21008	0	0	"5-35966011-G-C"	TRUE	"Exon 4"
5	35966012	"rs1373724165"	"A"	"T"	"gnomAD Exomes,gnomAD Genomes"	"PASS"	"PASS"	"ENST00000274278.3"	"p.Ser107Thr"	"p.Ser107Thr"	"c.319T>A"	"missense_variant"	""	NA	""	2	224958	8.89054845793437e-06	0	0	0	22156	0	0	0	23122	0	0	0	6312	0	0	0	17172	0	0	0	20434	0	0	2	109254	0	0	0	5600	0	0	0	20908	0	0	"5-35966012-A-T"	TRUE	"Exon 4"
5	35966015	"rs761189829"	"C"	"G"	"gnomAD Exomes,gnomAD Genomes"	"PASS"	"PASS"	"ENST00000274278.3"	"p.Glu106Gln"	"p.Glu106Gln"	"c.316G>C"	"missense_variant"	""	NA	""	2	221230	9.04036523075532e-06	0	0	0	22052	0	0	0	22732	0	0	0	5988	0	0	0	17050	0	0	0	19908	0	0	2	107844	0	0	0	5520	0	0	0	20136	0	0	"5-35966015-C-G"	TRUE	"Exon 4"
5	35966018	"rs1298974364"	"T"	"C"	"gnomAD Exomes"	"PASS"	NA	"ENST00000274278.3"	"p.Lys105Glu"	"p.Lys105Glu"	"c.313A>G"	"missense_variant"	""	NA	""	1	186700	5.35618639528656e-06	0	0	1	13252	0	0	0	21680	0	0	0	5536	0	0	0	15442	0	0	0	15924	0	0	0	90988	0	0	0	4380	0	0	0	19498	0	0	"5-35966018-T-C"	TRUE	"Exon 4"
5	35968122	"rs148646378"	"T"	"C"	"gnomAD Exomes,gnomAD Genomes"	"PASS"	"PASS"	"ENST00000274278.3"	"p.Arg104Gly"	"p.Arg104Gly"	"c.310A>G"	"missense_variant"	""	NA	""	27	280238	9.63466767533311e-05	0	0	0	24916	0	0	5	34992	0	0	2	10322	0	0	0	19906	0	0	0	24056	0	0	15	128534	0	0	5	7178	0	0	0	30334	0	0	"5-35968122-T-C"	TRUE	"Exon 3"
5	35968124	"rs747333133"	"C"	"A"	"gnomAD Exomes,gnomAD Genomes"	"PASS"	"PASS"	"ENST00000274278.3"	"p.Gly103Val"	"p.Gly103Val"	"c.308G>T"	"missense_variant"	"Uncertain significance"	2510384	""	7	280302	2.49730647658597e-05	0	0	0	24928	0	0	1	35014	0	0	0	10326	0	0	3	19918	0	0	0	24090	0	0	0	128510	0	0	3	7174	0	0	0	30342	0	0	"5-35968124-C-A"	TRUE	"Exon 3"
5	35968126	"rs1220014934"	"A"	"T"	"gnomAD Exomes"	"PASS"	NA	"ENST00000274278.3"	"p.Asp102Glu"	"p.Asp102Glu"	"c.306T>A"	"missense_variant"	""	NA	""	3	249416	1.20280976360779e-05	0	0	0	16216	0	0	3	34268	0	0	0	10044	0	0	0	18378	0	0	0	20748	0	0	0	113254	0	0	0	6096	0	0	0	30412	0	0	"5-35968126-A-T"	TRUE	"Exon 3"
5	35968128	"rs771386938"	"C"	"T"	"gnomAD Exomes"	"PASS"	NA	"ENST00000274278.3"	"p.Asp102Asn"	"p.Asp102Asn"	"c.304G>A"	"missense_variant"	""	NA	""	2	249442	8.01789594374644e-06	0	0	0	16210	0	0	0	34286	0	0	0	10044	0	0	0	18374	0	0	0	20758	0	0	2	113256	0	0	0	6090	0	0	0	30424	0	0	"5-35968128-C-T"	TRUE	"Exon 3"
5	35968133	"rs1490852558"	"G"	"A"	"gnomAD Genomes"	NA	"PASS"	"ENST00000274278.3"	"p.Ala100Val"	"p.Ala100Val"	"c.299C>T"	"missense_variant"	""	NA	""	1	31388	3.18593092901746e-05	0	0	0	8710	0	0	0	848	0	0	0	290	0	0	0	1560	0	0	0	3472	0	0	1	15420	0	0	0	1088	0	0	0	0	0	0	"5-35968133-G-A"	TRUE	"Exon 3"
5	35968143	"rs760064814"	"T"	"G"	"gnomAD Genomes"	NA	"PASS"	"ENST00000274278.3"	"p.Ile97Leu"	"p.Ile97Leu"	"c.289A>C"	"missense_variant"	""	NA	""	1	31408	3.18390219052471e-05	0	0	0	8716	0	0	0	848	0	0	0	290	0	0	0	1560	0	0	0	3476	0	0	1	15430	0	0	0	1088	0	0	0	0	0	0	"5-35968143-T-G"	TRUE	"Exon 3"
5	35968161	"rs1419682809"	"T"	"G"	"gnomAD Exomes"	"PASS"	NA	"ENST00000274278.3"	"p.Lys91Gln"	"p.Lys91Gln"	"c.271A>C"	"missense_variant"	""	NA	""	1	250368	3.99412065439673e-06	0	0	0	16232	0	0	0	34418	0	0	0	10062	0	0	0	18378	0	0	0	21298	0	0	0	113328	0	0	0	6106	0	0	1	30546	0	0	"5-35968161-T-G"	TRUE	"Exon 3"
5	35968169	"rs1266926430"	"C"	"A"	"gnomAD Genomes"	NA	"PASS"	"ENST00000274278.3"	"p.Arg88Ile"	"p.Arg88Ile"	"c.263G>T"	"missense_variant"	""	NA	""	1	31394	3.18532203605785e-05	0	0	0	8710	0	0	0	848	0	0	0	290	0	0	0	1560	0	0	0	3476	0	0	1	15422	0	0	0	1088	0	0	0	0	0	0	"5-35968169-C-A"	TRUE	"Exon 3"
5	35968179	"rs142049781"	"G"	"T"	"gnomAD Exomes,gnomAD Genomes"	"PASS"	"PASS"	"ENST00000274278.3"	"p.His85Asn"	"p.His85Asn"	"c.253C>A"	"missense_variant"	""	NA	""	11	281620	3.90597258717421e-05	0	0	1	24936	0	0	3	35238	0	0	1	10352	0	0	0	19944	0	0	0	24806	0	0	6	128638	0	0	0	7188	0	0	0	30518	0	0	"5-35968179-G-T"	TRUE	"Exon 3"
5	35968192	"rs767151016"	"A"	"T"	"gnomAD Exomes"	"PASS"	NA	"ENST00000274278.3"	"p.Phe80Leu"	"p.Phe80Leu"	"c.240T>A"	"missense_variant"	""	NA	""	1	250134	3.99785714856837e-06	0	0	0	16224	0	0	0	34358	0	0	0	10058	0	0	0	18380	0	0	0	21364	0	0	1	113150	0	0	0	6098	0	0	0	30502	0	0	"5-35968192-A-T"	TRUE	"Exon 3"
5	35968203	"rs541069692"	"T"	"C"	"gnomAD Exomes"	"PASS"	NA	"ENST00000274278.3"	"p.Ile77Val"	"p.Ile77Val"	"c.229A>G"	"missense_variant"	""	NA	""	1	249942	4.00092821534596e-06	0	0	0	16218	0	0	0	34330	0	0	0	10054	0	0	0	18372	0	0	0	21350	0	0	1	113054	0	0	0	6090	0	0	0	30474	0	0	"5-35968203-T-C"	TRUE	"Exon 3"
5	35968203	"rs541069692"	"T"	"A"	"gnomAD Exomes"	"PASS"	NA	"ENST00000274278.3"	"p.Ile77Phe"	"p.Ile77Phe"	"c.229A>T"	"missense_variant"	""	NA	""	1	249942	4.00092821534596e-06	0	0	0	16218	0	0	0	34330	0	0	0	10054	0	0	0	18372	0	0	0	21350	0	0	0	113054	0	0	0	6090	0	0	1	30474	0	0	"5-35968203-T-A"	TRUE	"Exon 3"
5	35968206	"rs533473241"	"C"	"G"	"gnomAD Exomes"	"PASS"	NA	"ENST00000274278.3"	"p.Val76Leu"	"p.Val76Leu"	"c.226G>C"	"missense_variant"	""	NA	""	20	249806	8.00621282114921e-05	0	0	0	16208	0	0	0	34298	0	0	0	10054	0	0	0	18370	0	0	0	21344	0	0	0	112984	0	0	0	6092	0	0	20	30456	0	0	"5-35968206-C-G"	TRUE	"Exon 3"
5	35968206	"rs533473241"	"C"	"T"	"gnomAD Exomes"	"PASS"	NA	"ENST00000274278.3"	"p.Val76Ile"	"p.Val76Ile"	"c.226G>A"	"missense_variant"	""	NA	""	1	249806	4.00310641057461e-06	0	0	0	16208	0	0	0	34298	0	0	0	10054	0	0	0	18370	0	0	0	21344	0	0	1	112984	0	0	0	6092	0	0	0	30456	0	0	"5-35968206-C-T"	TRUE	"Exon 3"
5	35968218	"rs753678670"	"T"	"C"	"gnomAD Exomes"	"PASS"	NA	"ENST00000274278.3"	"p.Lys72Glu"	"p.Lys72Glu"	"c.214A>G"	"missense_variant"	""	NA	""	1	249120	4.01412973667309e-06	0	0	0	16154	0	0	0	34200	0	0	0	10032	0	0	0	18340	0	0	0	21298	0	0	1	112648	0	0	0	6062	0	0	0	30386	0	0	"5-35968218-T-C"	TRUE	"Exon 3"
5	35968221	"rs754987941"	"C"	"T"	"gnomAD Exomes"	"PASS"	NA	"ENST00000274278.3"	"p.Glu71Lys"	"p.Glu71Lys"	"c.211G>A"	"missense_variant"	""	NA	""	17	249006	6.82714472743629e-05	0	0	0	16148	0	0	0	34206	0	0	0	10032	0	0	0	18342	0	0	0	21270	0	0	0	112588	0	0	0	6068	0	0	17	30352	0	0	"5-35968221-C-T"	TRUE	"Exon 3"
5	35968224	"rs779081613"	"C"	"T"	"gnomAD Exomes"	"PASS"	NA	"ENST00000274278.3"	"p.Glu70Lys"	"p.Glu70Lys"	"c.208G>A"	"missense_variant"	""	NA	""	1	248738	4.02029444636525e-06	0	0	0	16130	0	0	0	34150	0	0	0	10036	0	0	0	18324	0	0	0	21252	0	0	0	112458	0	0	0	6054	0	0	1	30334	0	0	"5-35968224-C-T"	TRUE	"Exon 3"
5	35968230	"rs539198097"	"T"	"C"	"gnomAD Exomes"	"PASS"	NA	"ENST00000274278.3"	"p.Lys68Glu"	"p.Lys68Glu"	"c.202A>G"	"missense_variant"	""	NA	""	2	247902	8.06770417342337e-06	0	0	1	16048	0	0	1	34030	0	0	0	10012	0	0	0	18278	0	0	0	21204	0	0	0	112088	0	0	0	6044	0	0	0	30198	0	0	"5-35968230-T-C"	TRUE	"Exon 3"
5	35968231	"rs1242150845"	"A"	"C"	"gnomAD Exomes"	"PASS"	NA	"ENST00000274278.3"	"p.Ile67Met"	"p.Ile67Met"	"c.201T>G"	"missense_variant"	""	NA	""	1	246960	4.04923874311629e-06	0	0	0	16008	0	0	0	33816	0	0	0	9976	0	0	0	18218	0	0	0	21152	0	0	1	111692	0	0	0	6032	0	0	0	30066	0	0	"5-35968231-A-C"	TRUE	"Exon 3"
5	35968232	"rs758620589"	"A"	"G"	"gnomAD Exomes,gnomAD Genomes"	"PASS"	"PASS"	"ENST00000274278.3"	"p.Ile67Thr"	"p.Ile67Thr"	"c.200T>C"	"missense_variant"	""	NA	""	15	278342	5.38905375401484e-05	0	0	0	24714	0	0	0	34672	0	0	0	10264	0	0	15	19762	0	0	0	24636	0	0	0	127082	0	0	0	7124	0	0	0	30088	0	0	"5-35968232-A-G"	TRUE	"Exon 3"
5	35988558	"rs757509741"	"T"	"C"	"gnomAD Exomes"	"PASS"	NA	"ENST00000274278.3"	"p.Ile64Val"	"p.Ile64Val"	"c.190A>G"	"missense_variant"	""	NA	""	3	240162	1.24915681914708e-05	0	0	0	16020	0	0	0	31556	0	0	0	9344	0	0	0	17410	0	0	0	21488	0	0	0	110784	0	0	0	5798	0	0	3	27762	0	0	"5-35988558-T-C"	TRUE	"Exon 2"
5	35988559	"rs781343784"	"C"	"G"	"gnomAD Exomes"	"PASS"	NA	"ENST00000274278.3"	"p.Leu63Phe"	"p.Leu63Phe"	"c.189G>C"	"missense_variant"	""	NA	""	2	239054	8.36631054071465e-06	0	0	1	15898	0	0	0	31402	0	0	0	9358	0	0	0	17312	0	0	0	21468	0	0	1	110280	0	0	0	5748	0	0	0	27588	0	0	"5-35988559-C-G"	TRUE	"Exon 2"
5	35988569	"rs1309545930"	"C"	"A"	"gnomAD Genomes"	NA	"PASS"	"ENST00000274278.3"	"p.Gly60Val"	"p.Gly60Val"	"c.179G>T"	"missense_variant"	""	NA	""	1	31366	3.18816552955429e-05	0	0	1	8696	0	0	0	848	0	0	0	290	0	0	0	1558	0	0	0	3468	0	0	0	15418	0	0	0	1088	0	0	0	0	0	0	"5-35988569-C-A"	TRUE	"Exon 2"
5	35988575	"rs571582897"	"T"	"C"	"gnomAD Exomes,gnomAD Genomes"	"PASS"	"PASS"	"ENST00000274278.3"	"p.Gln58Arg"	"p.Gln58Arg"	"c.173A>G"	"missense_variant"	""	NA	""	4	279626	1.43048214400664e-05	0	0	2	24886	0	0	1	34668	0	0	0	10154	0	0	1	19626	0	0	0	25088	0	0	0	128328	0	0	0	7124	0	0	0	29752	0	0	"5-35988575-T-C"	TRUE	"Exon 2"
5	35988579	"rs770200195"	"G"	"A"	"gnomAD Exomes"	"PASS"	NA	"ENST00000274278.3"	"p.His57Tyr"	"p.His57Tyr"	"c.169C>T"	"missense_variant"	""	NA	""	1	249244	4.0121326892523e-06	0	0	0	16190	0	0	0	34074	0	0	0	9928	0	0	0	18168	0	0	0	21626	0	0	1	113186	0	0	0	6066	0	0	0	30006	0	0	"5-35988579-G-A"	TRUE	"Exon 2"
5	35988588	"rs757866159"	"T"	"G"	"gnomAD Exomes"	"PASS"	NA	"ENST00000274278.3"	"p.Thr54Pro"	"p.Thr54Pro"	"c.160A>C"	"missense_variant"	""	NA	""	1	250550	3.9912193175015e-06	0	0	0	16228	0	0	0	34368	0	0	0	10000	0	0	0	18282	0	0	0	21636	0	0	1	113506	0	0	0	6100	0	0	0	30430	0	0	"5-35988588-T-G"	TRUE	"Exon 2"
5	35988626	"rs368210462"	"C"	"T"	"gnomAD Exomes,gnomAD Genomes"	"PASS"	"PASS"	"ENST00000274278.3"	"p.Arg41Gln"	"p.Arg41Gln"	"c.122G>A"	"missense_variant"	""	NA	""	23	282352	8.14586048620162e-05	0	0	1	24944	0	0	5	35304	0	0	0	10330	0	0	0	19872	0	0	6	25116	0	0	9	129024	0	0	2	7200	0	0	0	30562	0	0	"5-35988626-C-T"	TRUE	"Exon 2"
5	35988627	"rs201087553"	"G"	"A"	"gnomAD Exomes,gnomAD Genomes"	"PASS"	"PASS"	"ENST00000274278.3"	"p.Arg41Trp"	"p.Arg41Trp"	"c.121C>T"	"missense_variant"	""	NA	""	9	282166	3.18961178880517e-05	0	0	0	24932	0	0	0	35244	0	0	0	10312	0	0	0	19836	0	0	6	25114	0	0	3	128980	0	0	0	7194	0	0	0	30554	0	0	"5-35988627-G-A"	TRUE	"Exon 2"
5	35988628	"rs1265116860"	"G"	"T"	"gnomAD Genomes"	NA	"PASS"	"ENST00000274278.3"	"p.Asp40Glu"	"p.Asp40Glu"	"c.120C>A"	"missense_variant"	""	NA	""	1	31362	3.18857215738792e-05	0	0	0	8694	0	0	0	848	0	0	0	290	0	0	0	1552	0	0	0	3474	0	0	1	15418	0	0	0	1086	0	0	0	0	0	0	"5-35988628-G-T"	TRUE	"Exon 2"
5	35988635	"rs760189082"	"A"	"G"	"gnomAD Exomes"	"PASS"	NA	"ENST00000274278.3"	"p.Leu38Pro"	"p.Leu38Pro"	"c.113T>C"	"missense_variant"	""	NA	""	1	250724	3.98844945039167e-06	0	0	0	16232	0	0	1	34384	0	0	0	10016	0	0	0	18268	0	0	0	21636	0	0	0	113524	0	0	0	6108	0	0	0	30556	0	0	"5-35988635-A-G"	TRUE	"Exon 2"
5	35988636	"rs1249505595"	"G"	"C"	"gnomAD Exomes"	"PASS"	NA	"ENST00000274278.3"	"p.Leu38Val"	"p.Leu38Val"	"c.112C>G"	"missense_variant"	""	NA	""	1	250658	3.98949963695553e-06	0	0	0	16228	0	0	0	34366	0	0	0	10002	0	0	1	18256	0	0	0	21626	0	0	0	113526	0	0	0	6096	0	0	0	30558	0	0	"5-35988636-G-C"	TRUE	"Exon 2"
5	35988643	"rs776498050"	"A"	"C"	"gnomAD Exomes"	"PASS"	NA	"ENST00000274278.3"	"p.His35Gln"	"p.His35Gln"	"c.105T>G"	"missense_variant"	""	NA	""	1	250414	3.9933869512088e-06	0	0	0	16220	0	0	0	34316	0	0	0	9982	0	0	0	18200	0	0	0	21620	0	0	0	113448	0	0	0	6074	0	0	1	30554	0	0	"5-35988643-A-C"	TRUE	"Exon 2"
5	35988647	"rs868373307"	"C"	"T"	"gnomAD Exomes,gnomAD Genomes"	"PASS"	"PASS"	"ENST00000274278.3"	"p.Ser34Asn"	"p.Ser34Asn"	"c.101G>A"	"missense_variant"	""	NA	""	4	281060	1.42318366185156e-05	0	0	0	24872	0	0	0	34964	0	0	0	10224	0	0	0	19608	0	0	0	25078	0	0	4	128676	0	0	0	7138	0	0	0	30500	0	0	"5-35988647-C-T"	TRUE	"Exon 2"
5	35988653	"rs759394930"	"C"	"T"	"gnomAD Exomes"	"PASS"	NA	"ENST00000274278.3"	"p.Gly32Asp"	"p.Gly32Asp"	"c.95G>A"	"missense_variant"	""	NA	""	5	248924	2.00864520897945e-05	0	0	0	16172	0	0	5	33870	0	0	0	9846	0	0	0	17980	0	0	0	21600	0	0	0	113000	0	0	0	6012	0	0	0	30444	0	0	"5-35988653-C-T"	TRUE	"Exon 2"
5	35991251	"rs1046502034"	"A"	"G"	"gnomAD Exomes,gnomAD Genomes"	"PASS"	"PASS"	"ENST00000274278.3"	"p.Leu31Pro"	"p.Leu31Pro"	"c.92T>C"	"missense_variant"	""	NA	""	5	282672	1.7688345502915e-05	0	0	0	24972	0	0	0	35440	0	0	0	10366	0	0	0	19954	0	0	0	25124	0	0	5	128974	0	0	0	7226	0	0	0	30616	0	0	"5-35991251-A-G"	TRUE	"Exon 1"
5	35991252	"rs745456757"	"G"	"C"	"gnomAD Exomes"	"PASS"	NA	"ENST00000274278.3"	"p.Leu31Val"	"p.Leu31Val"	"c.91C>G"	"missense_variant"	""	NA	"mnv"	2	251286	7.95905860254849e-06	0	0	1	16256	0	0	1	34592	0	0	0	10076	0	0	0	18394	0	0	0	21648	0	0	0	113566	0	0	0	6138	0	0	0	30616	0	0	"5-35991252-G-C"	TRUE	"Exon 1"
5	35991254	"rs1226743513"	"G"	"A"	"gnomAD Exomes"	"PASS"	NA	"ENST00000274278.3"	"p.Thr30Ile"	"p.Thr30Ile"	"c.89C>T"	"missense_variant"	""	NA	""	1	251304	3.97924426192977e-06	0	0	0	16256	0	0	0	34590	0	0	0	10076	0	0	0	18394	0	0	0	21648	0	0	0	113586	0	0	0	6138	0	0	1	30616	0	0	"5-35991254-G-A"	TRUE	"Exon 1"
5	35991259	"rs769570224"	"T"	"C"	"gnomAD Exomes"	"PASS"	NA	"ENST00000274278.3"	"p.Ile28Met"	"p.Ile28Met"	"c.84A>G"	"missense_variant"	""	NA	""	2	251366	7.95652554442526e-06	0	0	0	16256	0	0	0	34590	0	0	0	10076	0	0	0	18394	0	0	1	21648	0	0	0	113648	0	0	0	6138	0	0	1	30616	0	0	"5-35991259-T-C"	TRUE	"Exon 1"
5	35991260	"rs1486341027"	"A"	"G"	"gnomAD Exomes"	"PASS"	NA	"ENST00000274278.3"	"p.Ile28Thr"	"p.Ile28Thr"	"c.83T>C"	"missense_variant"	""	NA	""	1	251354	3.97845270017585e-06	0	0	1	16256	0	0	0	34578	0	0	0	10076	0	0	0	18394	0	0	0	21648	0	0	0	113650	0	0	0	6136	0	0	0	30616	0	0	"5-35991260-A-G"	TRUE	"Exon 1"
5	35991263	"rs775346340"	"G"	"T"	"gnomAD Exomes"	"PASS"	NA	"ENST00000274278.3"	"p.Thr27Lys"	"p.Thr27Lys"	"c.80C>A"	"missense_variant"	""	NA	""	7	251364	2.7848060979297e-05	0	0	0	16256	0	0	1	34590	0	0	0	10076	0	0	0	18394	0	0	0	21648	0	0	6	113646	0	0	0	6138	0	0	0	30616	0	0	"5-35991263-G-T"	TRUE	"Exon 1"
5	35991270	"rs749094925"	"T"	"C"	"gnomAD Exomes"	"PASS"	NA	"ENST00000274278.3"	"p.Ile25Val"	"p.Ile25Val"	"c.73A>G"	"missense_variant"	""	NA	""	4	251398	1.59110255451515e-05	0	0	0	16256	0	0	4	34582	0	0	0	10076	0	0	0	18394	0	0	0	21648	0	0	0	113688	0	0	0	6138	0	0	0	30616	0	0	"5-35991270-T-C"	TRUE	"Exon 1"
5	35991273	"rs1189277631"	"T"	"C"	"gnomAD Exomes"	"PASS"	NA	"ENST00000274278.3"	"p.Lys24Glu"	"p.Lys24Glu"	"c.70A>G"	"missense_variant"	""	NA	""	1	251404	3.97766145327839e-06	0	0	1	16256	0	0	0	34586	0	0	0	10076	0	0	0	18394	0	0	0	21648	0	0	0	113690	0	0	0	6138	0	0	0	30616	0	0	"5-35991273-T-C"	TRUE	"Exon 1"
5	35991275	"rs768385460"	"G"	"A"	"gnomAD Exomes"	"PASS"	NA	"ENST00000274278.3"	"p.Ala23Val"	"p.Ala23Val"	"c.68C>T"	"missense_variant"	""	NA	""	1	251406	3.97762980994885e-06	0	0	0	16256	0	0	0	34586	0	0	0	10078	0	0	0	18394	0	0	0	21646	0	0	1	113692	0	0	0	6138	0	0	0	30616	0	0	"5-35991275-G-A"	TRUE	"Exon 1"
5	35991278	"rs143121910"	"G"	"A"	"gnomAD Exomes"	"PASS"	NA	"ENST00000274278.3"	"p.Ala22Val"	"p.Ala22Val"	"c.65C>T"	"missense_variant"	""	NA	""	1	251422	3.97737668143599e-06	0	0	1	16256	0	0	0	34584	0	0	0	10078	0	0	0	18394	0	0	0	21648	0	0	0	113708	0	0	0	6138	0	0	0	30616	0	0	"5-35991278-G-A"	TRUE	"Exon 1"
5	35991279	"rs761686824"	"C"	"G"	"gnomAD Exomes"	"PASS"	NA	"ENST00000274278.3"	"p.Ala22Pro"	"p.Ala22Pro"	"c.64G>C"	"missense_variant"	""	NA	""	5	251426	1.98865670217082e-05	0	0	0	16256	0	0	0	34586	0	0	0	10078	0	0	0	18394	0	0	0	21648	0	0	0	113710	0	0	0	6138	0	0	5	30616	0	0	"5-35991279-C-G"	TRUE	"Exon 1"
5	35991287	"rs372069431"	"A"	"T"	"gnomAD Exomes,gnomAD Genomes"	"PASS"	"PASS"	"ENST00000274278.3"	"p.Leu19His"	"p.Leu19His"	"c.56T>A"	"missense_variant"	""	NA	""	14	282838	4.9498299379857e-05	0	0	12	24972	0	0	1	35438	0	0	0	10368	0	0	0	19954	0	0	0	25122	0	0	0	129146	0	0	1	7222	0	0	0	30616	0	0	"5-35991287-A-T"	TRUE	"Exon 1"
5	35991287	"rs372069431"	"A"	"C"	"gnomAD Exomes"	"PASS"	NA	"ENST00000274278.3"	"p.Leu19Arg"	"p.Leu19Arg"	"c.56T>G"	"missense_variant"	""	NA	""	4	251440	1.59083678014636e-05	0	0	0	16254	0	0	0	34590	0	0	0	10078	0	0	0	18394	0	0	0	21646	0	0	4	113726	0	0	0	6136	0	0	0	30616	0	0	"5-35991287-A-C"	TRUE	"Exon 1"
5	35991288	"rs766584855"	"G"	"T"	"gnomAD Exomes"	"PASS"	NA	"ENST00000274278.3"	"p.Leu19Ile"	"p.Leu19Ile"	"c.55C>A"	"missense_variant"	""	NA	""	1	251442	3.97706031609675e-06	0	0	1	16254	0	0	0	34590	0	0	0	10078	0	0	0	18394	0	0	0	21648	0	0	0	113726	0	0	0	6136	0	0	0	30616	0	0	"5-35991288-G-T"	TRUE	"Exon 1"
5	35991294	"rs200239589"	"C"	"T"	"gnomAD Exomes,gnomAD Genomes"	"PASS"	"PASS"	"ENST00000274278.3"	"p.Val17Ile"	"p.Val17Ile"	"c.49G>A"	"missense_variant"	""	NA	""	21	282828	7.42500742500742e-05	0	0	1	24974	0	0	1	35438	0	0	1	10368	0	0	0	19954	0	0	0	25124	0	0	17	129130	0	0	1	7224	0	0	0	30616	0	0	"5-35991294-C-T"	TRUE	"Exon 1"
5	35991296	"rs1357338499"	"C"	"T"	"gnomAD Exomes"	"PASS"	NA	"ENST00000274278.3"	"p.Gly16Glu"	"p.Gly16Glu"	"c.47G>A"	"missense_variant"	""	NA	""	2	251434	7.95437371238575e-06	0	0	0	16256	0	0	0	34590	0	0	0	10078	0	0	2	18394	0	0	0	21648	0	0	0	113716	0	0	0	6136	0	0	0	30616	0	0	"5-35991296-C-T"	TRUE	"Exon 1"
5	35991299	"rs141973992"	"G"	"A"	"gnomAD Exomes,gnomAD Genomes"	"PASS"	"PASS"	"ENST00000274278.3"	"p.Ser15Phe"	"p.Ser15Phe"	"c.44C>T"	"missense_variant"	""	NA	""	32	282840	0.0001131381699901	0	0	0	24970	0	0	23	35438	0	0	0	10368	0	0	0	19954	0	0	0	25122	0	0	4	129150	0	0	5	7222	0	0	0	30616	0	0	"5-35991299-G-A"	TRUE	"Exon 1"
5	35991300	"rs1007572516"	"A"	"G"	"gnomAD Exomes"	"PASS"	NA	"ENST00000274278.3"	"p.Ser15Pro"	"p.Ser15Pro"	"c.43T>C"	"missense_variant"	""	NA	""	1	251442	3.97706031609675e-06	0	0	0	16256	0	0	0	34588	0	0	0	10078	0	0	0	18394	0	0	0	21646	0	0	1	113728	0	0	0	6136	0	0	0	30616	0	0	"5-35991300-A-G"	TRUE	"Exon 1"
5	35991302	"rs765564160"	"A"	"G"	"gnomAD Exomes"	"PASS"	NA	"ENST00000274278.3"	"p.Leu14Pro"	"p.Leu14Pro"	"c.41T>C"	"missense_variant"	""	NA	""	1	251444	3.97702868233086e-06	0	0	0	16256	0	0	0	34590	0	0	0	10076	0	0	0	18394	0	0	0	21646	0	0	1	113730	0	0	0	6136	0	0	0	30616	0	0	"5-35991302-A-G"	TRUE	"Exon 1"
5	35991314	"rs758985156"	"A"	"T"	"gnomAD Exomes,gnomAD Genomes"	"PASS"	"PASS"	"ENST00000274278.3"	"p.Val10Glu"	"p.Val10Glu"	"c.29T>A"	"missense_variant"	""	NA	""	4	282828	1.41428712857284e-05	0	0	2	24968	0	0	0	35436	0	0	0	10366	0	0	0	19952	0	0	0	25122	0	0	0	129146	0	0	0	7222	0	0	2	30616	0	0	"5-35991314-A-T"	TRUE	"Exon 1"
5	35991324	"rs755739952"	"G"	"T"	"gnomAD Exomes"	"PASS"	NA	"ENST00000274278.3"	"p.Leu7Met"	"p.Leu7Met"	"c.19C>A"	"missense_variant"	""	NA	""	5	251396	1.98889401581569e-05	0	0	0	16254	0	0	0	34584	0	0	0	10072	0	0	5	18394	0	0	0	21648	0	0	0	113698	0	0	0	6134	0	0	0	30612	0	0	"5-35991324-G-T"	TRUE	"Exon 1"
5	35991330	"rs997930795"	"G"	"A"	"gnomAD Exomes"	"PASS"	NA	"ENST00000274278.3"	"p.Arg5Trp"	"p.Arg5Trp"	"c.13C>T"	"missense_variant"	""	NA	""	1	251370	3.97819946692127e-06	0	0	0	16254	0	0	1	34582	0	0	0	10074	0	0	0	18392	0	0	0	21640	0	0	0	113682	0	0	0	6132	0	0	0	30614	0	0	"5-35991330-G-A"	TRUE	"Exon 1"
5	35991338	"rs748061888"	"A"	"G"	"gnomAD Exomes,gnomAD Genomes"	"PASS"	"PASS"	"ENST00000274278.3"	"p.Val2Ala"	"p.Val2Ala"	"c.5T>C"	"missense_variant"	""	NA	""	3	282654	1.06136831603303e-05	0	0	0	24964	0	0	0	35424	0	0	0	10354	0	0	1	19954	0	0	0	25116	0	0	2	129010	0	0	0	7220	0	0	0	30612	0	0	"5-35991338-A-G"	TRUE	"Exon 1"
