"Variant_ID"	"rsIDs"	"gene"	"gene_family"	"Transcript"	"Location_in_txs"	"Protein_Consequence"	"Transcript_Consequence"	"VEP_Annotation"	"Functional_impact"	"Allele_Frequency"	"MAF_African_or_African_American"	"MAF_Latino_or_Admixed_American"	"MAF_East_Asian"	"MAF_South_Asian"	"MAF_European_Finnish"	"MAF_European_non_Finnish"	"MAF_Ashkenazi_Jewish"
"2-234669033-C-T"	"rs756175438"	"UGT1A1"	"UGT1"	"ENST00000305208.5"	"Exon 1"	"p.Pro34Ser"	"c.100C>T"	"missense_variant"	"D"	3.9793e-06	0	0	0	0	0	8.7988e-06	0
"2-234669043-G-T"	"rs780016114"	"UGT1A1"	"UGT1"	"ENST00000305208.5"	"Exon 1"	"p.Gly37Val"	"c.110G>T"	"missense_variant"	"D"	7.9752e-06	0	0	0	0	0	1.7638e-05	0
"2-234669094-G-T"	"rs770426284"	"UGT1A1"	"UGT1"	"ENST00000305208.5"	"Exon 1"	"p.Gly54Val"	"c.161G>T"	"missense_variant"	"D"	3.182e-05	0	0.00020238	0	0	0	0	0
"2-234669096-C-T"	"rs1218272105"	"UGT1A1"	"UGT1"	"ENST00000305208.5"	"Exon 1"	"p.His55Tyr"	"c.163C>T"	"missense_variant"	"D"	3.1851e-05	0	0	0.00064185	NA	0	0	0
"2-234669112-T-C"	"rs370892808"	"UGT1A1"	"UGT1"	"ENST00000305208.5"	"Exon 1"	"p.Leu60Pro"	"c.179T>C"	"missense_variant"	"D"	3.9776e-06	0	0	0	0	0	8.7955e-06	0
"2-234669118-C-G"	"rs1344623676"	"UGT1A1"	"UGT1"	"ENST00000305208.5"	"Exon 1"	"p.Pro62Arg"	"c.185C>G"	"missense_variant"	"D"	3.9773e-06	0	0	0	0	0	8.7943e-06	0
"2-234669352-T-G"	"rs1396464237"	"UGT1A1"	"UGT1"	"ENST00000305208.5"	"Exon 1"	"p.Leu140Arg"	"c.419T>G"	"missense_variant"	"D"	3.1845e-05	0.00011481	0	0	NA	0	0	0
"2-234669388-C-A"	"rs760143782"	"UGT1A1"	"UGT1"	"ENST00000305208.5"	"Exon 1"	"p.Pro152His"	"c.455C>A"	"missense_variant"	"D"	3.9774e-06	0	0	0	0	0	8.7934e-06	0
"2-234669412-T-A"	"rs587784540"	"UGT1A1"	"UGT1"	"ENST00000305208.5"	"Exon 1"	"p.Val160Glu"	"c.479T>A"	"missense_variant"	"D"	3.978e-06	0	0	0	3.2665e-05	0	0	0
"2-234669414-G-A"	"rs1260954458"	"UGT1A1"	"UGT1"	"ENST00000305208.5"	"Exon 1"	"p.Ala161Thr"	"c.481G>A"	"missense_variant"	"D"	3.9787e-06	0	0	0	0	0	8.796e-06	0
"2-234669457-T-A"	"rs72551341"	"UGT1A1"	"UGT1"	"ENST00000305208.5"	"Exon 1"	"p.Leu175Gln"	"c.524T>A"	"missense_variant"	"D"	4.7753e-05	0	0	0	0	0	9.6761e-05	0
"2-234669462-T-C"	"rs72551342"	"UGT1A1"	"UGT1"	"ENST00000305208.5"	"Exon 1"	"p.Cys177Arg"	"c.529T>C"	"missense_variant"	"D"	3.9791e-06	0	0	0	0	0	8.7965e-06	0
"2-234669463-G-A"	"rs1373930486"	"UGT1A1"	"UGT1"	"ENST00000305208.5"	"Exon 1"	"p.Cys177Tyr"	"c.530G>A"	"missense_variant"	"D"	3.9796e-06	0	0	0	3.2708e-05	0	0	0
"2-234669469-T-A"	"rs1390329998"	"UGT1A1"	"UGT1"	"ENST00000305208.5"	"Exon 1"	"p.Leu179Gln"	"c.536T>A"	"missense_variant"	"D"	3.9801e-06	0	0	5.4366e-05	0	0	0	0
"2-234669492-C-G"	"rs760019185"	"UGT1A1"	"UGT1"	"ENST00000305208.5"	"Exon 1"	"p.Pro187Ala"	"c.559C>G"	"missense_variant"	"D"	7.9564e-06	0	0	0	6.5355e-05	0	0	0
"2-234669492-C-T"	"rs760019185"	"UGT1A1"	"UGT1"	"ENST00000305208.5"	"Exon 1"	"p.Pro187Ser"	"c.559C>T"	"missense_variant"	"D"	3.9782e-06	0	2.8918e-05	0	0	0	0	0
"2-234669498-C-A"	"rs770420506"	"UGT1A1"	"UGT1"	"ENST00000305208.5"	"Exon 1"	"p.Pro189Thr"	"c.565C>A"	"missense_variant"	"D"	3.9775e-06	0	0	0	0	0	8.792e-06	0
"2-234669507-T-C"	"rs776126400"	"UGT1A1"	"UGT1"	"ENST00000305208.5"	"Exon 1"	"p.Tyr192His"	"c.574T>C"	"missense_variant"	"D"	3.9771e-06	0	0	0	3.2665e-05	0	0	0
"2-234669508-A-G"	"rs201093245"	"UGT1A1"	"UGT1"	"ENST00000305208.5"	"Exon 1"	"p.Tyr192Cys"	"c.575A>G"	"missense_variant"	"D"	3.9771e-06	0	2.8913e-05	0	0	0	0	0
"2-234669544-T-C"	"rs1171527500"	"UGT1A1"	"UGT1"	"ENST00000305208.5"	"Exon 1"	"p.Met204Thr"	"c.611T>C"	"missense_variant"	"D"	3.1867e-05	0	0	0	NA	0	6.4868e-05	0
"2-234669558-C-T"	"rs72551343"	"UGT1A1"	"UGT1"	"ENST00000305208.5"	"Exon 1"	"p.Arg209Trp"	"c.625C>T"	"missense_variant"	"D"	3.181e-05	6.1516e-05	0	0	0.00022864	0	0	0
"2-234669558-C-G"	"rs72551343"	"UGT1A1"	"UGT1"	"ENST00000305208.5"	"Exon 1"	"p.Arg209Gly"	"c.625C>G"	"missense_variant"	"D"	3.9763e-06	6.1516e-05	0	0	0	0	0	0
"2-234669559-G-A"	"rs747662045"	"UGT1A1"	"UGT1"	"ENST00000305208.5"	"Exon 1"	"p.Arg209Gln"	"c.626G>A"	"missense_variant"	"D"	1.9882e-05	0	0	0.00010873	6.5325e-05	0	0	9.9206e-05
"2-234669562-T-G"	"rs1345834782"	"UGT1A1"	"UGT1"	"ENST00000305208.5"	"Exon 1"	"p.Val210Gly"	"c.629T>G"	"missense_variant"	"D"	7.9527e-06	6.1516e-05	0	0	0	0	8.7903e-06	0
"2-234669574-T-C"	"rs1276169722"	"UGT1A1"	"UGT1"	"ENST00000305208.5"	"Exon 1"	"p.Leu214Pro"	"c.641T>C"	"missense_variant"	"D"	3.9763e-06	0	0	0	0	0	8.7901e-06	0
"2-234669691-T-A"	"rs1315871466"	"UGT1A1"	"UGT1"	"ENST00000305208.5"	"Exon 1"	"p.Val253Asp"	"c.758T>A"	"missense_variant"	"D"	7.9981e-06	0	0	0	0	4.6194e-05	8.9011e-06	0
"2-234669726-C-T"	"rs760907397"	"UGT1A1"	"UGT1"	"ENST00000305208.5"	"Exon 1"	"p.Pro265Ser"	"c.793C>T"	"missense_variant"	"D"	1.2029e-05	0	0	0	0	0	2.6859e-05	0
"2-234669741-C-T"	"rs765208275"	"UGT1A1"	"UGT1"	"ENST00000305208.5"	"Exon 1"	"p.Pro270Ser"	"c.808C>T"	"missense_variant"	"D"	7.1257e-06	0	5.6433e-05	0	0	0	0	0
"2-234669759-G-T"	"rs72551345"	"UGT1A1"	"UGT1"	"ENST00000305208.5"	"Exon 1"	"p.Gly276Cys"	"c.826G>T"	"missense_variant"	"D"	4.0121e-06	0	0	0	3.2663e-05	0	0	0
"2-234669759-G-C"	"rs72551345"	"UGT1A1"	"UGT1"	"ENST00000305208.5"	"Exon 1"	"p.Gly276Arg"	"c.826G>C"	"missense_variant"	"D"	8.0243e-06	0	0	0	6.5325e-05	0	0	0
"2-234669760-G-A"	"rs570314042"	"UGT1A1"	"UGT1"	"ENST00000305208.5"	"Exon 1"	"p.Gly276Asp"	"c.827G>A"	"missense_variant"	"D"	4.0122e-06	0	0	0	3.2663e-05	0	0	0
"2-234669766-T-G"	"rs1445934796"	"UGT1A1"	"UGT1"	"ENST00000305208.5"	"Exon 1"	"p.Ile278Ser"	"c.833T>G"	"missense_variant"	"D"	4.0129e-06	0	0	5.4366e-05	0	0	0	0
"2-234669768-A-T"	"rs397978903"	"UGT1A1"	"UGT1"	"ENST00000305208.5"	"Exon 1"	"p.Asn279Tyr"	"c.835A>T"	"missense_variant"	"D"	2.8091e-05	0	0	0	0	0	6.2786e-05	0
"2-234669771-T-C"	"rs754213125"	"UGT1A1"	"UGT1"	"ENST00000305208.5"	"Exon 1"	"p.Cys280Arg"	"c.838T>C"	"missense_variant"	"D"	4.0128e-06	0	0	0	0	0	8.9686e-06	0
"2-234669771-T-G"	"rs754213125"	"UGT1A1"	"UGT1"	"ENST00000305208.5"	"Exon 1"	"p.Cys280Gly"	"c.838T>G"	"missense_variant"	"D"	2.4077e-05	0	0	0	0	0	5.3812e-05	0
