Chr,Start,End,Ref,Alt,Func.refGene,Gene.refGene,GeneDetail.refGene,ExonicFunc.refGene,AAChange.refGene,SIFT_score,SIFT_converted_rankscore,SIFT_pred,SIFT4G_score,SIFT4G_converted_rankscore,SIFT4G_pred,Polyphen2_HDIV_score,Polyphen2_HDIV_rankscore,Polyphen2_HDIV_pred,Polyphen2_HVAR_score,Polyphen2_HVAR_rankscore,Polyphen2_HVAR_pred,LRT_score,LRT_converted_rankscore,LRT_pred,MutationTaster_score,MutationTaster_converted_rankscore,MutationTaster_pred,MutationAssessor_score,MutationAssessor_rankscore,MutationAssessor_pred,FATHMM_score,FATHMM_converted_rankscore,FATHMM_pred,PROVEAN_score,PROVEAN_converted_rankscore,PROVEAN_pred,VEST4_score,VEST4_rankscore,MetaSVM_score,MetaSVM_rankscore,MetaSVM_pred,MetaLR_score,MetaLR_rankscore,MetaLR_pred,MetaRNN_score,MetaRNN_rankscore,MetaRNN_pred,M-CAP_score,M-CAP_rankscore,M-CAP_pred,REVEL_score,REVEL_rankscore,MutPred_score,MutPred_rankscore,MVP_score,MVP_rankscore,MPC_score,MPC_rankscore,PrimateAI_score,PrimateAI_rankscore,PrimateAI_pred,DEOGEN2_score,DEOGEN2_rankscore,DEOGEN2_pred,BayesDel_addAF_score,BayesDel_addAF_rankscore,BayesDel_addAF_pred,BayesDel_noAF_score,BayesDel_noAF_rankscore,BayesDel_noAF_pred,ClinPred_score,ClinPred_rankscore,ClinPred_pred,LIST-S2_score,LIST-S2_rankscore,LIST-S2_pred,Aloft_pred,Aloft_Confidence,CADD_raw,CADD_raw_rankscore,CADD_phred,DANN_score,DANN_rankscore,fathmm-MKL_coding_score,fathmm-MKL_coding_rankscore,fathmm-MKL_coding_pred,fathmm-XF_coding_score,fathmm-XF_coding_rankscore,fathmm-XF_coding_pred,Eigen-raw_coding,Eigen-raw_coding_rankscore,Eigen-PC-raw_coding,Eigen-PC-raw_coding_rankscore,GenoCanyon_score,GenoCanyon_rankscore,integrated_fitCons_score,integrated_fitCons_rankscore,integrated_confidence_value,LINSIGHT,LINSIGHT_rankscore,GERP++_NR,GERP++_RS,GERP++_RS_rankscore,phyloP100way_vertebrate,phyloP100way_vertebrate_rankscore,phyloP30way_mammalian,phyloP30way_mammalian_rankscore,phastCons100way_vertebrate,phastCons100way_vertebrate_rankscore,phastCons30way_mammalian,phastCons30way_mammalian_rankscore,SiPhy_29way_logOdds,SiPhy_29way_logOdds_rankscore,Interpro_domain,GTEx_V8_gene,GTEx_V8_tissue,SIFT_score,SIFT_pred,Polyphen2_HDIV_score,Polyphen2_HDIV_pred,Polyphen2_HVAR_score,Polyphen2_HVAR_pred,LRT_score,LRT_pred,MutationTaster_score,MutationTaster_pred,MutationAssessor_score,MutationAssessor_pred,FATHMM_score,FATHMM_pred,PROVEAN_score,PROVEAN_pred,VEST3_score,CADD_raw,CADD_phred,DANN_score,fathmm-MKL_coding_score,fathmm-MKL_coding_pred,MetaSVM_score,MetaSVM_pred,MetaLR_score,MetaLR_pred,integrated_fitCons_score,integrated_confidence_value,GERP++_RS,phyloP7way_vertebrate,phyloP20way_mammalian,phastCons7way_vertebrate,phastCons20way_mammalian,SiPhy_29way_logOdds
2,234627937,234627937,C,T,"exonic","UGT1A4",.,"synonymous SNV","UGT1A4:NM_007120:exon1:c.T471T:p.C157C",.,.,.,.,.,.,.,.,.,.,.,.,.,.,.,.,.,.,.,.,.,.,.,.,.,.,.,.,.,.,.,.,.,.,.,.,.,.,.,.,.,.,.,.,.,.,.,.,.,.,.,.,.,.,.,.,.,.,.,.,.,.,.,.,.,.,.,.,.,.,.,.,.,.,.,.,.,.,.,.,.,.,.,.,.,.,.,.,.,.,.,.,.,.,.,.,.,.,.,.,.,.,.,.,.,.,.,.,.,.,.,.,.,.,.,.,.,.,.,.,.,.,.,.,.,.,.,.,.,.,.,.,.,.,.,.,.,.,.,.,.
2,234622429,234622429,C,T,"exonic","UGT1A5",.,"synonymous SNV","UGT1A5:NM_019078:exon1:c.T792T:p.D264D",.,.,.,.,.,.,.,.,.,.,.,.,.,.,.,.,.,.,.,.,.,.,.,.,.,.,.,.,.,.,.,.,.,.,.,.,.,.,.,.,.,.,.,.,.,.,.,.,.,.,.,.,.,.,.,.,.,.,.,.,.,.,.,.,.,.,.,.,.,.,.,.,.,.,.,.,.,.,.,.,.,.,.,.,.,.,.,.,.,.,.,.,.,.,.,.,.,.,.,.,.,.,.,.,.,.,.,.,.,.,.,.,.,.,.,.,.,.,.,.,.,.,.,.,.,.,.,.,.,.,.,.,.,.,.,.,.,.,.,.,.
2,234590970,234590970,G,T,"exonic","UGT1A7",.,"synonymous SNV","UGT1A7:NM_019077:exon1:c.T387T:p.N129N",.,.,.,.,.,.,.,.,.,.,.,.,.,.,.,.,.,.,.,.,.,.,.,.,.,.,.,.,.,.,.,.,.,.,.,.,.,.,.,.,.,.,.,.,.,.,.,.,.,.,.,.,.,.,.,.,.,.,.,.,.,.,.,.,.,.,.,.,.,.,.,.,.,.,.,.,.,.,.,.,.,.,.,.,.,.,.,.,.,.,.,.,.,.,.,.,.,.,.,.,.,.,.,.,.,.,.,.,.,.,.,.,.,.,.,.,.,.,.,.,.,.,.,.,.,.,.,.,.,.,.,.,.,.,.,.,.,.,.,.,.
2,234590974,234590974,A,C,"exonic","UGT1A7",.,"synonymous SNV","UGT1A7:NM_019077:exon1:c.C391C:p.R131R",.,.,.,.,.,.,.,.,.,.,.,.,.,.,.,.,.,.,.,.,.,.,.,.,.,.,.,.,.,.,.,.,.,.,.,.,.,.,.,.,.,.,.,.,.,.,.,.,.,.,.,.,.,.,.,.,.,.,.,.,.,.,.,.,.,.,.,.,.,.,.,.,.,.,.,.,.,.,.,.,.,.,.,.,.,.,.,.,.,.,.,.,.,.,.,.,.,.,.,.,.,.,.,.,.,.,.,.,.,.,.,.,.,.,.,.,.,.,.,.,.,.,.,.,.,.,.,.,.,.,.,.,.,.,.,.,.,.,.,.,.
2,234590975,234590975,A,G,"exonic","UGT1A7",.,"synonymous SNV","UGT1A7:NM_019077:exon1:c.G392G:p.R131R",.,.,.,.,.,.,.,.,.,.,.,.,.,.,.,.,.,.,.,.,.,.,.,.,.,.,.,.,.,.,.,.,.,.,.,.,.,.,.,.,.,.,.,.,.,.,.,.,.,.,.,.,.,.,.,.,.,.,.,.,.,.,.,.,.,.,.,.,.,.,.,.,.,.,.,.,.,.,.,.,.,.,.,.,.,.,.,.,.,.,.,.,.,.,.,.,.,.,.,.,.,.,.,.,.,.,.,.,.,.,.,.,.,.,.,.,.,.,.,.,.,.,.,.,.,.,.,.,.,.,.,.,.,.,.,.,.,.,.,.,.
4,70513139,70513139,T,C,"exonic","UGT2A1",.,"synonymous SNV","UGT2A1:NM_001301239:exon1:c.G224G:p.R75R,UGT2A1:NM_001252274:exon2:c.G224G:p.R75R,UGT2A1:NM_001252275:exon2:c.G224G:p.R75R,UGT2A1:NM_006798:exon2:c.G224G:p.R75R",.,.,.,.,.,.,.,.,.,.,.,.,.,.,.,.,.,.,.,.,.,.,.,.,.,.,.,.,.,.,.,.,.,.,.,.,.,.,.,.,.,.,.,.,.,.,.,.,.,.,.,.,.,.,.,.,.,.,.,.,.,.,.,.,.,.,.,.,.,.,.,.,.,.,.,.,.,.,.,.,.,.,.,.,.,.,.,.,.,.,.,.,.,.,.,.,.,.,.,.,.,.,.,.,.,.,.,.,.,.,.,.,.,.,.,.,.,.,.,.,.,.,.,.,.,.,.,.,.,.,.,.,.,.,.,.,.,.,.,.,.
4,69795626,69795626,T,C,"exonic","UGT2A3",.,"synonymous SNV","UGT2A3:NM_024743:exon6:c.G1489G:p.A497A",.,.,.,.,.,.,.,.,.,.,.,.,.,.,.,.,.,.,.,.,.,.,.,.,.,.,.,.,.,.,.,.,.,.,.,.,.,.,.,.,.,.,.,.,.,.,.,.,.,.,.,.,.,.,.,.,.,.,.,.,.,.,.,.,.,.,.,.,.,.,.,.,.,.,.,.,.,.,.,.,.,.,.,.,.,.,.,.,.,.,.,.,.,.,.,.,.,.,.,.,.,.,.,.,.,.,.,.,.,.,.,.,.,.,.,.,.,.,.,.,.,.,.,.,.,.,.,.,.,.,.,.,.,.,.,.,.,.,.,.,.
4,70355211,70355211,C,T,"exonic","UGT2B4",.,"synonymous SNV","UGT2B4:NM_001297615:exon3:c.A948A:p.T316T,UGT2B4:NM_021139:exon3:c.A948A:p.T316T,UGT2B4:NM_001297616:exon4:c.A540A:p.T180T",.,.,.,.,.,.,.,.,.,.,.,.,.,.,.,.,.,.,.,.,.,.,.,.,.,.,.,.,.,.,.,.,.,.,.,.,.,.,.,.,.,.,.,.,.,.,.,.,.,.,.,.,.,.,.,.,.,.,.,.,.,.,.,.,.,.,.,.,.,.,.,.,.,.,.,.,.,.,.,.,.,.,.,.,.,.,.,.,.,.,.,.,.,.,.,.,.,.,.,.,.,.,.,.,.,.,.,.,.,.,.,.,.,.,.,.,.,.,.,.,.,.,.,.,.,.,.,.,.,.,.,.,.,.,.,.,.,.,.,.,.
4,69964337,69964337,T,A,"exonic","UGT2B7",.,"synonymous SNV","UGT2B7:NM_001074:exon2:c.A801A:p.P267P,UGT2B7:NM_001330719:exon2:c.A801A:p.P267P,UGT2B7:NM_001349568:exon3:c.A54A:p.P18P",.,.,.,.,.,.,.,.,.,.,.,.,.,.,.,.,.,.,.,.,.,.,.,.,.,.,.,.,.,.,.,.,.,.,.,.,.,.,.,.,.,.,.,.,.,.,.,.,.,.,.,.,.,.,.,.,.,.,.,.,.,.,.,.,.,.,.,.,.,.,.,.,.,.,.,.,.,.,.,.,.,.,.,.,.,.,.,.,.,.,.,.,.,.,.,.,.,.,.,.,.,.,.,.,.,.,.,.,.,.,.,.,.,.,.,.,.,.,.,.,.,.,.,.,.,.,.,.,.,.,.,.,.,.,.,.,.,.,.,.,.
4,69964338,69964338,C,T,"exonic","UGT2B7",.,"synonymous SNV","UGT2B7:NM_001074:exon2:c.T802T:p.Y268Y,UGT2B7:NM_001330719:exon2:c.T802T:p.Y268Y,UGT2B7:NM_001349568:exon3:c.T55T:p.Y19Y",.,.,.,.,.,.,.,.,.,.,.,.,.,.,.,.,.,.,.,.,.,.,.,.,.,.,.,.,.,.,.,.,.,.,.,.,.,.,.,.,.,.,.,.,.,.,.,.,.,.,.,.,.,.,.,.,.,.,.,.,.,.,.,.,.,.,.,.,.,.,.,.,.,.,.,.,.,.,.,.,.,.,.,.,.,.,.,.,.,.,.,.,.,.,.,.,.,.,.,.,.,.,.,.,.,.,.,.,.,.,.,.,.,.,.,.,.,.,.,.,.,.,.,.,.,.,.,.,.,.,.,.,.,.,.,.,.,.,.,.,.
4,69972949,69972949,G,C,"exonic","UGT2B7",.,"synonymous SNV","UGT2B7:NM_001074:exon4:c.C1059C:p.L353L,UGT2B7:NM_001330719:exon4:c.C1059C:p.L353L,UGT2B7:NM_001349568:exon5:c.C312C:p.L104L",.,.,.,.,.,.,.,.,.,.,.,.,.,.,.,.,.,.,.,.,.,.,.,.,.,.,.,.,.,.,.,.,.,.,.,.,.,.,.,.,.,.,.,.,.,.,.,.,.,.,.,.,.,.,.,.,.,.,.,.,.,.,.,.,.,.,.,.,.,.,.,.,.,.,.,.,.,.,.,.,.,.,.,.,.,.,.,.,.,.,.,.,.,.,.,.,.,.,.,.,.,.,.,.,.,.,.,.,.,.,.,.,.,.,.,.,.,.,.,.,.,.,.,.,.,.,.,.,.,.,.,.,.,.,.,.,.,.,.,.,.
4,69512847,69512847,G,T,"exonic","UGT2B15",.,"synonymous SNV","UGT2B15:NM_001076:exon6:c.A1568A:p.K523K",.,.,.,.,.,.,.,.,.,.,.,.,.,.,.,.,.,.,.,.,.,.,.,.,.,.,.,.,.,.,.,.,.,.,.,.,.,.,.,.,.,.,.,.,.,.,.,.,.,.,.,.,.,.,.,.,.,.,.,.,.,.,.,.,.,.,.,.,.,.,.,.,.,.,.,.,.,.,.,.,.,.,.,.,.,.,.,.,.,.,.,.,.,.,.,.,.,.,.,.,.,.,.,.,.,.,.,.,.,.,.,.,.,.,.,.,.,.,.,.,.,.,.,.,.,.,.,.,.,.,.,.,.,.,.,.,.,.,.,.,.
4,69536084,69536084,C,A,"exonic","UGT2B15",.,"synonymous SNV","UGT2B15:NM_001076:exon1:c.T253T:p.Y85Y",.,.,.,.,.,.,.,.,.,.,.,.,.,.,.,.,.,.,.,.,.,.,.,.,.,.,.,.,.,.,.,.,.,.,.,.,.,.,.,.,.,.,.,.,.,.,.,.,.,.,.,.,.,.,.,.,.,.,.,.,.,.,.,.,.,.,.,.,.,.,.,.,.,.,.,.,.,.,.,.,.,.,.,.,.,.,.,.,.,.,.,.,.,.,.,.,.,.,.,.,.,.,.,.,.,.,.,.,.,.,.,.,.,.,.,.,.,.,.,.,.,.,.,.,.,.,.,.,.,.,.,.,.,.,.,.,.,.,.,.,.
4,69417570,69417570,G,A,"exonic","UGT2B17",.,"synonymous SNV","UGT2B17:NM_001077:exon4:c.T1065T:p.Y355Y",.,.,.,.,.,.,.,.,.,.,.,.,.,.,.,.,.,.,.,.,.,.,.,.,.,.,.,.,.,.,.,.,.,.,.,.,.,.,.,.,.,.,.,.,.,.,.,.,.,.,.,.,.,.,.,.,.,.,.,.,.,.,.,.,.,.,.,.,.,.,.,.,.,.,.,.,.,.,.,.,.,.,.,.,.,.,.,.,.,.,.,.,.,.,.,.,.,.,.,.,.,.,.,.,.,.,.,.,.,.,.,.,.,.,.,.,.,.,.,.,.,.,.,.,.,.,.,.,.,.,.,.,.,.,.,.,.,.,.,.,.
4,70146230,70146230,A,G,"exonic","UGT2B28",.,"synonymous SNV","UGT2B28:NM_001207004:exon1:c.G12G:p.K4K,UGT2B28:NM_053039:exon1:c.G12G:p.K4K",.,.,.,.,.,.,.,.,.,.,.,.,.,.,.,.,.,.,.,.,.,.,.,.,.,.,.,.,.,.,.,.,.,.,.,.,.,.,.,.,.,.,.,.,.,.,.,.,.,.,.,.,.,.,.,.,.,.,.,.,.,.,.,.,.,.,.,.,.,.,.,.,.,.,.,.,.,.,.,.,.,.,.,.,.,.,.,.,.,.,.,.,.,.,.,.,.,.,.,.,.,.,.,.,.,.,.,.,.,.,.,.,.,.,.,.,.,.,.,.,.,.,.,.,.,.,.,.,.,.,.,.,.,.,.,.,.,.,.,.,.
4,115544714,115544714,G,A,"exonic","UGT8",.,"synonymous SNV","UGT8:NM_003360:exon1:c.A678A:p.P226P,UGT8:NM_001128174:exon2:c.A678A:p.P226P,UGT8:NM_001322113:exon2:c.A678A:p.P226P,UGT8:NM_001322114:exon2:c.A678A:p.P226P,UGT8:NM_001322112:exon3:c.A678A:p.P226P",.,.,.,.,.,.,.,.,.,.,.,.,.,.,.,.,.,.,.,.,.,.,.,.,.,.,.,.,.,.,.,.,.,.,.,.,.,.,.,.,.,.,.,.,.,.,.,.,.,.,.,.,.,.,.,.,.,.,.,.,.,.,.,.,.,.,.,.,.,.,.,.,.,.,.,.,.,.,.,.,.,.,.,.,.,.,.,.,.,.,.,.,.,.,.,.,.,.,.,.,.,.,.,.,.,.,.,.,.,.,.,.,.,.,.,.,.,.,.,.,.,.,.,.,.,.,.,.,.,.,.,.,.,.,.,.,.,.,.,.,.
4,115589302,115589302,G,A,"exonic","UGT8",.,"synonymous SNV","UGT8:NM_003360:exon4:c.A1104A:p.I368I,UGT8:NM_001128174:exon5:c.A1104A:p.I368I,UGT8:NM_001322113:exon5:c.A1104A:p.I368I,UGT8:NM_001322114:exon5:c.A1104A:p.I368I,UGT8:NM_001322112:exon6:c.A1104A:p.I368I",.,.,.,.,.,.,.,.,.,.,.,.,.,.,.,.,.,.,.,.,.,.,.,.,.,.,.,.,.,.,.,.,.,.,.,.,.,.,.,.,.,.,.,.,.,.,.,.,.,.,.,.,.,.,.,.,.,.,.,.,.,.,.,.,.,.,.,.,.,.,.,.,.,.,.,.,.,.,.,.,.,.,.,.,.,.,.,.,.,.,.,.,.,.,.,.,.,.,.,.,.,.,.,.,.,.,.,.,.,.,.,.,.,.,.,.,.,.,.,.,.,.,.,.,.,.,.,.,.,.,.,.,.,.,.,.,.,.,.,.,.
